{
	"credit": "Made with Blockbench",
	"texture_size": [256, 256],
	"elements": [
		{
			"from": [0, 1, 0],
			"to": [1, 17, 15],
			"faces": {
				"north": {"uv": [0, 0.0625, 2.0625, 16], "rotation": 90, "texture": "#1"},
				"east": {"uv": [0, 0, 16, 16], "rotation": 180, "texture": "#1"},
				"south": {"uv": [0, 0, 16, 16], "texture": "#1"},
				"west": {"uv": [0, 0, 16, 16], "rotation": 180, "texture": "#1"},
				"up": {"uv": [0, 0, 16, 16], "rotation": 90, "texture": "#1"},
				"down": {"uv": [0, 0, 16, 16], "rotation": 270, "texture": "#1"}
			}
		},
		{
			"from": [15, 1, 0],
			"to": [16, 17, 15],
			"faces": {
				"north": {"uv": [0, 0.0625, 2.0625, 16], "rotation": 90, "texture": "#1"},
				"east": {"uv": [0, 0, 16, 16], "rotation": 180, "texture": "#1"},
				"south": {"uv": [0, 0, 16, 16], "texture": "#1"},
				"west": {"uv": [0, 0, 16, 16], "rotation": 180, "texture": "#1"},
				"up": {"uv": [0, 0, 16, 16], "rotation": 90, "texture": "#1"},
				"down": {"uv": [0, 0, 16, 16], "rotation": 270, "texture": "#1"}
			}
		},
		{
			"from": [1, 1, 0],
			"to": [16, 2, 15],
			"faces": {
				"north": {"uv": [0, 0.0625, 2.0625, 16], "rotation": 90, "texture": "#1"},
				"east": {"uv": [0, 0, 16, 16], "rotation": 180, "texture": "#1"},
				"south": {"uv": [0, 0, 16, 16], "texture": "#1"},
				"west": {"uv": [0, 0, 16, 16], "rotation": 180, "texture": "#1"},
				"up": {"uv": [0.125, 0, 16, 16], "rotation": 90, "texture": "#1"},
				"down": {"uv": [0, 0, 16, 16], "rotation": 270, "texture": "#1"}
			}
		},
		{
			"from": [1, 16, 0],
			"to": [16, 17, 15],
			"faces": {
				"north": {"uv": [0, 0.0625, 2.0625, 16], "rotation": 90, "texture": "#1"},
				"east": {"uv": [0, 0, 16, 16], "rotation": 180, "texture": "#1"},
				"south": {"uv": [0, 0, 16, 16], "texture": "#1"},
				"west": {"uv": [0, 0, 16, 16], "rotation": 180, "texture": "#1"},
				"up": {"uv": [0, 0, 16, 16], "rotation": 90, "texture": "#1"},
				"down": {"uv": [0, 0, 16, 16], "rotation": 270, "texture": "#1"}
			}
		},
		{
			"from": [0, 1, -1.5],
			"to": [16, 17, -1.5],
			"faces": {
				"north": {"uv": [0, 0, 16, 16], "texture": "#2"},
				"east": {"uv": [0, 0, 0, 1], "texture": "#missing"},
				"south": {"uv": [0, 0, 16, 16], "texture": "#2"},
				"west": {"uv": [0, 0, 0, 1], "texture": "#missing"},
				"up": {"uv": [0, 0, 1, 0], "texture": "#missing"},
				"down": {"uv": [0, 0, 1, 0], "texture": "#missing"}
			}
		},
		{
			"from": [0, 1, 15],
			"to": [16, 17, 15.5],
			"faces": {
				"north": {"uv": [0, 0, 16, 16], "rotation": 90, "texture": "#1"},
				"east": {"uv": [13.875, 0, 15.9375, 16], "rotation": 180, "texture": "#1"},
				"south": {"uv": [0, 0, 15.9375, 16], "texture": "#0"},
				"west": {"uv": [0, 0.0625, 2.0625, 16.0625], "rotation": 180, "texture": "#1"},
				"up": {"uv": [0, 0, 15.9375, 16], "texture": "#1"},
				"down": {"uv": [0, 0, 15.9375, 16], "texture": "#1"}
			}
		},
		{
			"from": [1.5, 1, 2],
			"to": [2, 11, 15],
			"faces": {
				"north": {"uv": [0.59375, 0, 3.375, 16], "texture": "#7"},
				"east": {"uv": [0, 0, 15.99089, 16], "texture": "#3"},
				"south": {"uv": [0, 0, 16, 16], "texture": "#3"},
				"west": {"uv": [0.5625, 0, 15.96875, 16], "texture": "#7"},
				"up": {"uv": [0.5625, 0, 15.90625, 0.34375], "rotation": 90, "texture": "#7"},
				"down": {"uv": [0, 0, 0.71071, 16], "texture": "#3"}
			}
		},
		{
			"from": [14.25, 2, 2],
			"to": [14.75, 12, 15],
			"faces": {
				"north": {"uv": [0.625, 0, 3.34375, 16], "texture": "#4"},
				"east": {"uv": [0, 0, 15.99089, 16], "texture": "#3"},
				"south": {"uv": [0, 0, 16, 16], "texture": "#3"},
				"west": {"uv": [0.625, 0, 15.96875, 16], "texture": "#4"},
				"up": {"uv": [0.5625, 0, 15.90625, 0.34375], "rotation": 90, "texture": "#4"},
				"down": {"uv": [0, 0, 0.71071, 16], "texture": "#3"}
			}
		},
		{
			"from": [13.5, 2, 2],
			"to": [14, 12, 15],
			"faces": {
				"north": {"uv": [0.625, 0, 3.34375, 16], "texture": "#4"},
				"east": {"uv": [0, 0, 15.99089, 16], "texture": "#3"},
				"south": {"uv": [0, 0, 16, 16], "texture": "#3"},
				"west": {"uv": [0.625, 0, 15.96875, 16], "texture": "#4"},
				"up": {"uv": [0.5625, 0, 15.90625, 0.34375], "rotation": 90, "texture": "#4"},
				"down": {"uv": [0, 0, 0.71071, 16], "texture": "#3"}
			}
		},
		{
			"from": [12.75, 2, 2],
			"to": [13.25, 12, 15],
			"faces": {
				"north": {"uv": [0.625, 0, 3.34375, 16], "texture": "#4"},
				"east": {"uv": [0, 0, 15.99089, 16], "texture": "#3"},
				"south": {"uv": [0, 0, 16, 16], "texture": "#3"},
				"west": {"uv": [0.625, 0, 15.96875, 16], "texture": "#4"},
				"up": {"uv": [0.5625, 0, 15.90625, 0.34375], "rotation": 90, "texture": "#4"},
				"down": {"uv": [0, 0, 0.71071, 16], "texture": "#3"}
			}
		},
		{
			"from": [12, 2, 2],
			"to": [12.5, 12, 15],
			"faces": {
				"north": {"uv": [0.625, 0, 3.34375, 16], "texture": "#4"},
				"east": {"uv": [0, 0, 15.99089, 16], "texture": "#3"},
				"south": {"uv": [0, 0, 16, 16], "texture": "#3"},
				"west": {"uv": [0.625, 0, 15.96875, 16], "texture": "#4"},
				"up": {"uv": [0.5625, 0, 15.90625, 0.34375], "rotation": 90, "texture": "#4"},
				"down": {"uv": [0, 0, 0.71071, 16], "texture": "#3"}
			}
		},
		{
			"from": [11.25, 2, 2],
			"to": [11.75, 12, 15],
			"faces": {
				"north": {"uv": [0.65625, 0, 3.1875, 16], "texture": "#5"},
				"east": {"uv": [0, 0, 15.99089, 16], "texture": "#3"},
				"south": {"uv": [0, 0, 16, 16], "texture": "#3"},
				"west": {"uv": [0.65625, 0, 15.96875, 16], "texture": "#5"},
				"up": {"uv": [0.5625, 0, 15.90625, 0.34375], "rotation": 90, "texture": "#5"},
				"down": {"uv": [0, 0, 0.71071, 16], "texture": "#3"}
			}
		},
		{
			"from": [10.5, 2, 2],
			"to": [11, 12, 15],
			"faces": {
				"north": {"uv": [0.65625, 0, 3.1875, 16], "texture": "#5"},
				"east": {"uv": [0, 0, 15.99089, 16], "texture": "#3"},
				"south": {"uv": [0, 0, 16, 16], "texture": "#3"},
				"west": {"uv": [0.65625, 0, 15.96875, 16], "texture": "#5"},
				"up": {"uv": [0.5625, 0, 15.90625, 0.34375], "rotation": 90, "texture": "#5"},
				"down": {"uv": [0, 0, 0.71071, 16], "texture": "#3"}
			}
		},
		{
			"from": [9.75, 2, 2],
			"to": [10.25, 12, 15],
			"faces": {
				"north": {"uv": [0.65625, 0, 3.1875, 16], "texture": "#5"},
				"east": {"uv": [0, 0, 15.99089, 16], "texture": "#3"},
				"south": {"uv": [0, 0, 16, 16], "texture": "#3"},
				"west": {"uv": [0.65625, 0, 15.96875, 16], "texture": "#5"},
				"up": {"uv": [0.5625, 0, 15.90625, 0.34375], "rotation": 90, "texture": "#5"},
				"down": {"uv": [0, 0, 0.71071, 16], "texture": "#3"}
			}
		},
		{
			"from": [9, 2, 2],
			"to": [9.5, 12, 15],
			"faces": {
				"north": {"uv": [0.65625, 0, 3.1875, 16], "texture": "#5"},
				"east": {"uv": [0, 0, 15.99089, 16], "texture": "#3"},
				"south": {"uv": [0, 0, 16, 16], "texture": "#3"},
				"west": {"uv": [0.65625, 0, 15.96875, 16], "texture": "#5"},
				"up": {"uv": [0.5625, 0, 15.90625, 0.34375], "rotation": 90, "texture": "#5"},
				"down": {"uv": [0, 0, 0.71071, 16], "texture": "#3"}
			}
		},
		{
			"from": [8.25, 2, 2],
			"to": [8.75, 12, 15],
			"faces": {
				"north": {"uv": [0.71875, 0.0625, 3.34375, 16], "texture": "#6"},
				"east": {"uv": [0, 0, 15.99089, 16], "texture": "#3"},
				"south": {"uv": [0, 0, 16, 16], "texture": "#3"},
				"west": {"uv": [0.625, 0, 15.96875, 16], "texture": "#6"},
				"up": {"uv": [0.5625, 0, 15.90625, 0.34375], "rotation": 90, "texture": "#6"},
				"down": {"uv": [0, 0, 0.71071, 16], "texture": "#3"}
			}
		},
		{
			"from": [7.5, 2, 2],
			"to": [8, 12, 15],
			"faces": {
				"north": {"uv": [0.71875, 0.0625, 3.34375, 16], "texture": "#6"},
				"east": {"uv": [0, 0, 15.99089, 16], "texture": "#3"},
				"south": {"uv": [0, 0, 16, 16], "texture": "#3"},
				"west": {"uv": [0.625, 0, 15.96875, 16], "texture": "#6"},
				"up": {"uv": [0.5625, 0, 15.90625, 0.34375], "rotation": 90, "texture": "#6"},
				"down": {"uv": [0, 0, 0.71071, 16], "texture": "#3"}
			}
		},
		{
			"from": [6.75, 2, 2],
			"to": [7.25, 12, 15],
			"faces": {
				"north": {"uv": [0.71875, 0.0625, 3.34375, 16], "texture": "#6"},
				"east": {"uv": [0, 0, 15.99089, 16], "texture": "#3"},
				"south": {"uv": [0, 0, 16, 16], "texture": "#3"},
				"west": {"uv": [0.625, 0, 15.96875, 16], "texture": "#6"},
				"up": {"uv": [0.5625, 0, 15.90625, 0.34375], "rotation": 90, "texture": "#6"},
				"down": {"uv": [0, 0, 0.71071, 16], "texture": "#3"}
			}
		},
		{
			"from": [6, 2, 2],
			"to": [6.5, 12, 15],
			"faces": {
				"north": {"uv": [0.71875, 0.0625, 3.34375, 16], "texture": "#6"},
				"east": {"uv": [0, 0, 15.99089, 16], "texture": "#3"},
				"south": {"uv": [0, 0, 16, 16], "texture": "#3"},
				"west": {"uv": [0.625, 0, 15.96875, 16], "texture": "#6"},
				"up": {"uv": [0.5625, 0, 15.90625, 0.34375], "rotation": 90, "texture": "#6"},
				"down": {"uv": [0, 0, 0.71071, 16], "texture": "#3"}
			}
		},
		{
			"from": [5.25, 2, 2],
			"to": [5.75, 12, 15],
			"faces": {
				"north": {"uv": [0.59375, 0, 3.375, 16], "texture": "#7"},
				"east": {"uv": [0, 0, 15.99089, 16], "texture": "#3"},
				"south": {"uv": [0, 0, 16, 16], "texture": "#3"},
				"west": {"uv": [0.5625, 0, 15.96875, 16], "texture": "#7"},
				"up": {"uv": [0.5625, 0, 15.90625, 0.34375], "rotation": 90, "texture": "#7"},
				"down": {"uv": [0, 0, 0.71071, 16], "texture": "#3"}
			}
		},
		{
			"from": [4.5, 2, 2],
			"to": [5, 12, 15],
			"faces": {
				"north": {"uv": [0.59375, 0, 3.375, 16], "texture": "#7"},
				"east": {"uv": [0, 0, 15.99089, 16], "texture": "#3"},
				"south": {"uv": [0, 0, 16, 16], "texture": "#3"},
				"west": {"uv": [0.5625, 0, 15.96875, 16], "texture": "#7"},
				"up": {"uv": [0.5625, 0, 15.90625, 0.34375], "rotation": 90, "texture": "#7"},
				"down": {"uv": [0, 0, 0.71071, 16], "texture": "#3"}
			}
		},
		{
			"from": [3.75, 2, 2],
			"to": [4.25, 12, 15],
			"faces": {
				"north": {"uv": [0.59375, 0, 3.375, 16], "texture": "#7"},
				"east": {"uv": [0, 0, 15.99089, 16], "texture": "#3"},
				"south": {"uv": [0, 0, 16, 16], "texture": "#3"},
				"west": {"uv": [0.5625, 0, 15.96875, 16], "texture": "#7"},
				"up": {"uv": [0.5625, 0, 15.90625, 0.34375], "rotation": 90, "texture": "#7"},
				"down": {"uv": [0, 0, 0.71071, 16], "texture": "#3"}
			}
		}
	],
	"groups": [
		{
			"name": "cassa",
			"origin": [0, 0, 0],
			"children": [0, 1, 2, 3, 4, 5]
		},
		{
			"name": "label",
			"origin": [0, 0, 0],
			"children": [6, 7, 8, 9, 10, 11, 12, 13, 14, 15, 16, 17, 18, 19, 20, 21]
		}
	]
}