{
	"format_version": "1.12.0",
	"minecraft:geometry": [
		{
			"description": {
				"identifier": "geometry.unknown",
				"texture_width": 16,
				"texture_height": 16,
				"visible_bounds_width": 4,
				"visible_bounds_height": 2.5,
				"visible_bounds_offset": [0, 0.75, 0]
			},
			"bones": [
				{
					"name": "body",
					"pivot": [0, 7, 1]
				},
				{
					"name": "belly",
					"parent": "body",
					"pivot": [0, 7, 1],
					"rotation": [90, 0, 0],
					"cubes": [
						{
							"origin": [-2, -1, -2],
							"size": [4, 16, 6],
							"uv": {
								"north": {"uv": [5.25, 5], "uv_size": [1.5, 3]},
								"east": {"uv": [5.25, 5], "uv_size": [2.5, 3]},
								"south": {"uv": [5.25, 5], "uv_size": [1.5, 3]},
								"west": {"uv": [5.25, 5], "uv_size": [2.5, 3]},
								"up": {"uv": [6.5, 8.25], "uv_size": [-1.25, -3.25]},
								"down": {"uv": [6.5, 7.75], "uv_size": [-1, -2.5]}
							}
						}
					]
				},
				{
					"name": "Head2",
					"parent": "body",
					"pivot": [0, 24, 0.5],
					"cubes": [
						{
							"origin": [-4, 6, -15],
							"size": [8, 8, 8],
							"uv": {
								"north": {"uv": [2, 2], "uv_size": [2, 2]},
								"east": {"uv": [0, 2], "uv_size": [2, 2]},
								"south": {"uv": [6, 2], "uv_size": [2, 2]},
								"west": {"uv": [4, 2], "uv_size": [2, 2]},
								"up": {"uv": [4, 2], "uv_size": [-2, -2]},
								"down": {"uv": [6, 2], "uv_size": [-2, -2]}
							}
						},
						{
							"origin": [-4, 6, -15],
							"size": [8, 8, 8],
							"inflate": 0.5,
							"uv": {
								"north": {"uv": [10, 2], "uv_size": [2, 2]},
								"east": {"uv": [8, 2], "uv_size": [2, 2]},
								"south": {"uv": [14, 2], "uv_size": [2, 2]},
								"west": {"uv": [11.75, 2], "uv_size": [2.25, 2]},
								"up": {"uv": [12, 1.75], "uv_size": [-2, -1.75]},
								"down": {"uv": [14, 2], "uv_size": [-2, -2]}
							}
						}
					]
				},
				{
					"name": "tail1",
					"parent": "body",
					"pivot": [0, 9, 8],
					"rotation": [45, 0, 0],
					"cubes": [
						{
							"origin": [-0.5, 1, 8],
							"size": [1, 8, 1],
							"uv": {
								"north": {"uv": [5.75, 5], "uv_size": [0.75, 3]},
								"east": {"uv": [5.75, 5], "uv_size": [0.75, 3]},
								"south": {"uv": [5.75, 5], "uv_size": [0.75, 3]},
								"west": {"uv": [5.75, 5], "uv_size": [0.75, 3]},
								"up": {"uv": [6.5, 6], "uv_size": [-1, -1]},
								"down": {"uv": [6.5, 6], "uv_size": [-1, -1]}
							}
						}
					]
				},
				{
					"name": "tail2",
					"parent": "tail1",
					"pivot": [0, 1, 8],
					"rotation": [45, 0, 0],
					"cubes": [
						{
							"origin": [-0.5, -7, 8],
							"size": [1, 8, 1],
							"uv": {
								"north": {"uv": [5.75, 5], "uv_size": [0.75, 3]},
								"east": {"uv": [5.75, 5], "uv_size": [0.75, 3]},
								"south": {"uv": [5.75, 5], "uv_size": [0.75, 3]},
								"west": {"uv": [5.75, 5], "uv_size": [0.75, 3]},
								"up": {"uv": [6.5, 6], "uv_size": [-1, -1]},
								"down": {"uv": [6.5, 6], "uv_size": [-1, -1]}
							}
						}
					]
				},
				{
					"name": "backLegL",
					"parent": "body",
					"pivot": [1.1, 6, 7],
					"cubes": [
						{
							"origin": [0.1, 0, 6],
							"size": [2, 6, 2],
							"uv": {
								"north": {"uv": [5, 13], "uv_size": [1, 3]},
								"east": {"uv": [4, 13], "uv_size": [1, 3]},
								"south": {"uv": [6.5, 13], "uv_size": [1, 3]},
								"west": {"uv": [4, 13], "uv_size": [1, 3]},
								"up": {"uv": [5.75, 16], "uv_size": [-1, -0.75]},
								"down": {"uv": [5.75, 16], "uv_size": [-1, -0.75]}
							}
						}
					]
				},
				{
					"name": "backLegR",
					"parent": "body",
					"pivot": [-1.1, 6, 7],
					"cubes": [
						{
							"origin": [-2.1, 0, 6],
							"size": [2, 6, 2],
							"uv": {
								"north": {"uv": [5, 13], "uv_size": [1, 3]},
								"east": {"uv": [4, 13], "uv_size": [1, 3]},
								"south": {"uv": [6.5, 13], "uv_size": [1, 3]},
								"west": {"uv": [4, 13], "uv_size": [1, 3]},
								"up": {"uv": [5.75, 16], "uv_size": [-1, -0.75]},
								"down": {"uv": [5.75, 16], "uv_size": [-1, -0.75]}
							}
						}
					]
				},
				{
					"name": "frontLegL",
					"parent": "body",
					"pivot": [1.2, 10, -4],
					"cubes": [
						{
							"origin": [0.2, 0.2, -5],
							"size": [2, 10, 2],
							"uv": {
								"north": {"uv": [5, 13], "uv_size": [1, 3]},
								"east": {"uv": [4, 13], "uv_size": [1, 3]},
								"south": {"uv": [6.5, 13], "uv_size": [1, 3]},
								"west": {"uv": [4, 13], "uv_size": [1, 3]},
								"up": {"uv": [6, 12.75], "uv_size": [-1, -0.75]},
								"down": {"uv": [5.75, 16], "uv_size": [-1, -0.75]}
							}
						}
					]
				},
				{
					"name": "frontLegR",
					"parent": "body",
					"pivot": [-1.2, 10, -4],
					"cubes": [
						{
							"origin": [-2.2, 0.2, -5],
							"size": [2, 10, 2],
							"uv": {
								"north": {"uv": [5, 13], "uv_size": [1, 3]},
								"east": {"uv": [4, 13], "uv_size": [1, 3]},
								"south": {"uv": [6.5, 13], "uv_size": [1, 3]},
								"west": {"uv": [4, 13], "uv_size": [1, 3]},
								"up": {"uv": [6, 12.75], "uv_size": [-1, -0.75]},
								"down": {"uv": [5.75, 16], "uv_size": [-1, -0.75]}
							}
						}
					]
				}
			]
		}
	]
}