{
	"format_version": "1.12.0",
	"minecraft:geometry": [
		{
			"description": {
				"identifier": "geometry.axolotl",
				"texture_width": 64,
				"texture_height": 64,
				"visible_bounds_width": 3,
				"visible_bounds_height": 2.5,
				"visible_bounds_offset": [0, 0.75, 0]
			},
			"bones": [
				{
					"name": "root",
					"pivot": [0, -4, 0]
				},
				{
					"name": "body",
					"parent": "root",
					"pivot": [0, 3, 4],
					"cubes": [
						{"origin": [-4, 0, -5], "size": [8, 4, 10], "uv": [14, 27]},
						{"origin": [0, 0, -5], "size": [0, 5, 9], "uv": [16, 33]}
					]
				},
				{
					"name": "right_arm",
					"parent": "body",
					"pivot": [-4, 1, -4],
					"rotation": [0, -90, 90],
					"cubes": [
						{"origin": [-6, -4, -4], "size": [3, 5, 0], "uv": [16, 29]}
					]
				},
				{
					"name": "right_leg",
					"parent": "body",
					"pivot": [-4, 1, 4],
					"rotation": [0, 90, 90],
					"cubes": [
						{"origin": [-5, -4, 4], "size": [3, 5, 0], "uv": [16, 29]}
					]
				},
				{
					"name": "left_arm",
					"parent": "body",
					"pivot": [4, 1, -4],
					"rotation": [0, 90, -90],
					"cubes": [
						{"origin": [3, -4, -4], "size": [3, 5, 0], "uv": [16, 29]}
					]
				},
				{
					"name": "left_leg",
					"parent": "body",
					"pivot": [4, 1, 4],
					"rotation": [0, -90, -90],
					"cubes": [
						{"origin": [2, -4, 4], "size": [3, 5, 0], "uv": [16, 29]}
					]
				},
				{
					"name": "tail",
					"parent": "body",
					"pivot": [0, 2, 4],
					"cubes": [
						{"origin": [0, 0, 4], "size": [0, 5, 12], "uv": [16, 35]}
					]
				},
				{
					"name": "head",
					"parent": "body",
					"pivot": [0, 2, -5],
					"reset": true
				},
				{
					"name": "Head2",
					"parent": "head",
					"pivot": [0, 25, -3],
					"cubes": [
						{"origin": [-4, 0, -13], "size": [8, 8, 8], "uv": [0, 0]},
						{"origin": [-4, 0, -13], "size": [8, 8, 8], "inflate": 0.5, "uv": [32, 0]}
					]
				},
				{
					"name": "left_gills",
					"parent": "head",
					"pivot": [4, 2, -6],
					"cubes": [
						{"origin": [4, 1, -9.5], "size": [3, 7, 0], "uv": [25, 56]}
					]
				},
				{
					"name": "right_gills",
					"parent": "head",
					"pivot": [-4, 2, -6],
					"cubes": [
						{"origin": [-7, 1, -9.5], "size": [3, 7, 0], "uv": [14, 56]}
					]
				},
				{
					"name": "top_gills",
					"parent": "head",
					"pivot": [0, 5, -6],
					"cubes": [
						{"origin": [-4, 8, -9.5], "size": [8, 3, 0], "uv": [17, 53]}
					]
				}
			]
		}
	]
}