{
	"format_version": "1.12.0",
	"minecraft:geometry": [
		{
			"description": {
				"identifier": "geometry.unknown",
				"texture_width": 16,
				"texture_height": 16,
				"visible_bounds_width": 3,
				"visible_bounds_height": 3.5,
				"visible_bounds_offset": [0, 1.25, 0]
			},
			"bones": [
				{
					"name": "body",
					"pivot": [0, 3.2, 0],
					"cubes": [
						{
							"origin": [-4, 12, -9],
							"size": [8, 8, 18],
							"uv": {
								"north": {"uv": [5, 4], "uv_size": [2, 1.5]},
								"east": {"uv": [3.25, 4], "uv_size": [4.25, 2]},
								"south": {"uv": [7, 4], "uv_size": [-3.75, 2]},
								"west": {"uv": [3.25, 4], "uv_size": [4.25, 2]},
								"up": {"uv": [9, 6.5], "uv_size": [-2, -3.25]},
								"down": {"uv": [7.5, 6], "uv_size": [-4, -2]}
							}
						}
					]
				},
				{
					"name": "neck",
					"parent": "body",
					"pivot": [0, 18, -8],
					"rotation": [15.00004, 0, 0],
					"cubes": [
						{
							"origin": [-2, 16, -10],
							"size": [4, 9, 4],
							"uv": {
								"north": {"uv": [1, 0.75], "uv_size": [1, 2.5]},
								"east": {"uv": [0, 0.75], "uv_size": [1, 2.5]},
								"south": {"uv": [3, 1], "uv_size": [1, 2.25]},
								"west": {"uv": [2, 0.75], "uv_size": [1, 2.5]},
								"up": {"uv": [2, 0.75], "uv_size": [-1, -0.75]},
								"down": {"uv": [2, 0.75], "uv_size": [-1, -0.75]}
							}
						}
					]
				},
				{
					"name": "head",
					"parent": "neck",
					"pivot": [0, 25, -8],
					"rotation": [-15.00004, 0, 0]
				},
				{
					"name": "earL",
					"parent": "head",
					"pivot": [1.5, 28.3, -7.5],
					"rotation": [-15.00004, -30.00007, 35.00199],
					"cubes": [
						{
							"origin": [0.5, 31.5, -7],
							"size": [2, 4, 1],
							"uv": {
								"north": {"uv": [0.75, 9.75], "uv_size": [-0.5, 1]},
								"east": {"uv": [1.25, 9.75], "uv_size": [-0.5, 1]},
								"south": {"uv": [1, 9.75], "uv_size": [0.5, 1]},
								"west": {"uv": [0.75, 9.75], "uv_size": [0.5, 1]},
								"up": {"uv": [1.25, 9.75], "uv_size": [-1, -0.25]},
								"down": {"uv": [1.25, 9.75], "uv_size": [-1, -0.25]}
							}
						}
					]
				},
				{
					"name": "earR",
					"parent": "head",
					"pivot": [-3.5, 31.3, -6.5],
					"rotation": [-15.00004, 30.00007, -35.00199],
					"cubes": [
						{
							"origin": [-4.5, 31.5, -7],
							"size": [2, 4, 1],
							"uv": {
								"north": {"uv": [0.25, 9.75], "uv_size": [0.5, 1]},
								"east": {"uv": [1.25, 9.75], "uv_size": [-0.5, 1]},
								"south": {"uv": [1, 9.75], "uv_size": [0.5, 1]},
								"west": {"uv": [0.75, 9.75], "uv_size": [0.5, 1]},
								"up": {"uv": [1.25, 9.75], "uv_size": [-1, -0.25]},
								"down": {"uv": [0.75, 10.75], "uv_size": [-0.5, -1]}
							}
						}
					]
				},
				{
					"name": "snout",
					"parent": "head",
					"pivot": [0, 25.5, -10.9],
					"cubes": [
						{
							"origin": [-1.5, 24, -14],
							"size": [3, 3, 3],
							"uv": {
								"north": {"uv": [37, 30], "uv_size": [3, 3]},
								"east": {"uv": [34, 30], "uv_size": [3, 3]},
								"south": {"uv": [43, 30], "uv_size": [3, 3]},
								"west": {"uv": [40, 30], "uv_size": [3, 3]},
								"up": {"uv": [37, 27], "uv_size": [3, 3]},
								"down": {"uv": [40, 30], "uv_size": [3, -3]}
							}
						}
					]
				},
				{
					"name": "hornL",
					"parent": "head",
					"pivot": [1.3, 28.4, -9.9],
					"rotation": [-15.00004, 0, 15.00004],
					"cubes": [
						{
							"origin": [0.3, 30.9, -11.9],
							"size": [2, 9, 2],
							"uv": {
								"north": {"uv": [8.75, 0.5], "uv_size": [0.5, 2.25]},
								"east": {"uv": [9.25, 0.5], "uv_size": [0.5, 2.25]},
								"south": {"uv": [10.75, 0.5], "uv_size": [-0.5, 2.25]},
								"west": {"uv": [9.5, 0.5], "uv_size": [-0.5, 2.25]},
								"up": {"uv": [9.25, 0.5], "uv_size": [0.5, -0.5]},
								"down": {"uv": [9.25, 0.5], "uv_size": [0.5, -0.5]}
							}
						}
					]
				},
				{
					"name": "hornR",
					"parent": "head",
					"pivot": [-1.3, 28.4, -9.9],
					"rotation": [-15.00004, 0, -15.00004],
					"cubes": [
						{
							"origin": [-2.8, 31.4, -11.9],
							"size": [2, 9, 2],
							"uv": {
								"north": {"uv": [9.25, 0.5], "uv_size": [-0.5, 2.25]},
								"east": {"uv": [9.5, 0.5], "uv_size": [-0.5, 2.25]},
								"south": {"uv": [10.75, 0.5], "uv_size": [-0.5, 2.25]},
								"west": {"uv": [9.75, 0.5], "uv_size": [-0.5, 2.25]},
								"up": {"uv": [9.25, 0.5], "uv_size": [0.5, -0.5]},
								"down": {"uv": [9.25, 0.5], "uv_size": [0.5, -0.5]}
							}
						}
					]
				},
				{
					"name": "tail",
					"parent": "body",
					"pivot": [0, 17, 9],
					"rotation": [20.00196, 0, 0],
					"cubes": [
						{
							"origin": [-2, 12, 9],
							"size": [4, 5, 0],
							"uv": {
								"north": {"uv": [9.5, 3], "uv_size": [1.25, 1.5]},
								"east": {"uv": [35, 12], "uv_size": [0, 5]},
								"south": {"uv": [10.75, 3], "uv_size": [-1.25, 1.5]},
								"west": {"uv": [39, 12], "uv_size": [0, 5]},
								"up": {"uv": [35, 12], "uv_size": [4, 0]},
								"down": {"uv": [39, 12], "uv_size": [4, 0]}
							}
						}
					]
				},
				{
					"name": "frontlegR",
					"parent": "body",
					"pivot": [2.5, 10, -6.5],
					"cubes": [
						{
							"origin": [-4, 0, -8],
							"size": [3, 12, 3],
							"uv": {
								"north": {"uv": [10, 9.25], "uv_size": [-1, 3]},
								"east": {"uv": [10.75, 9.5], "uv_size": [-1, 2.75]},
								"south": {"uv": [11.5, 9.5], "uv_size": [-1, 2.75]},
								"west": {"uv": [9.5, 9.25], "uv_size": [-1, 3]},
								"up": {"uv": [40, 34], "uv_size": [-3, 3]},
								"down": {"uv": [10, 9.25], "uv_size": [0.75, -0.75]}
							}
						}
					]
				},
				{
					"name": "frontlegL",
					"parent": "body",
					"pivot": [2.5, 10, -6.5],
					"cubes": [
						{
							"origin": [1, 0, -8],
							"size": [3, 12, 3],
							"uv": {
								"north": {"uv": [9, 9.25], "uv_size": [1, 3]},
								"east": {"uv": [9.5, 9.25], "uv_size": [-1, 3]},
								"south": {"uv": [10.5, 9.5], "uv_size": [1, 2.75]},
								"west": {"uv": [10.75, 9.5], "uv_size": [-1, 2.75]},
								"up": {"uv": [37, 34], "uv_size": [3, 3]},
								"down": {"uv": [10, 9.25], "uv_size": [0.75, -0.75]}
							}
						}
					]
				},
				{
					"name": "backlegL",
					"parent": "body",
					"pivot": [2.5, 11, 7.5],
					"cubes": [
						{
							"origin": [1, 0, 6],
							"size": [3, 12, 3],
							"uv": {
								"north": {"uv": [6.25, 7.5], "uv_size": [1, 3]},
								"east": {"uv": [6.5, 7.5], "uv_size": [-1, 3]},
								"south": {"uv": [7.25, 7.5], "uv_size": [1, 3]},
								"west": {"uv": [10.75, 9.5], "uv_size": [-1, 2.75]},
								"up": {"uv": [24, 27], "uv_size": [3, 3]},
								"down": {"uv": [10, 9.25], "uv_size": [0.75, -0.75]}
							}
						}
					]
				},
				{
					"name": "backlegR",
					"parent": "body",
					"pivot": [-2.5, 11, 7.5],
					"cubes": [
						{
							"origin": [-4, 0, 6],
							"size": [3, 12, 3],
							"uv": {
								"north": {"uv": [7.25, 7.5], "uv_size": [-1, 3]},
								"east": {"uv": [10.75, 9.5], "uv_size": [-1, 2.75]},
								"south": {"uv": [8.25, 7.5], "uv_size": [-1, 3]},
								"west": {"uv": [6.25, 7.5], "uv_size": [-1, 3]},
								"up": {"uv": [27, 27], "uv_size": [-3, 3]},
								"down": {"uv": [10, 9.25], "uv_size": [0.75, -0.75]}
							}
						}
					]
				},
				{
					"name": "Head2",
					"pivot": [-1.5, 24, -8.5],
					"cubes": [
						{
							"origin": [-4.5, 24, -14],
							"size": [8, 8, 8],
							"uv": {
								"north": {"uv": [2, 14], "uv_size": [2, 2]},
								"east": {"uv": [0, 14], "uv_size": [2, 2]},
								"south": {"uv": [6, 14], "uv_size": [2, 2]},
								"west": {"uv": [4, 14], "uv_size": [2, 2]},
								"up": {"uv": [4, 13.75], "uv_size": [-2, -1.9]},
								"down": {"uv": [6, 14], "uv_size": [-2, -2]}
							}
						},
						{
							"origin": [-4.5, 23.6, -14],
							"size": [8, 8, 8],
							"inflate": 0.5,
							"uv": {
								"north": {"uv": [10, 14], "uv_size": [2, 2]},
								"east": {"uv": [8.05, 14.25], "uv_size": [1.65, 1.75]},
								"south": {"uv": [13.95, 14], "uv_size": [2.05, 2]},
								"west": {"uv": [12.25, 14.05], "uv_size": [1.7, 1.95]},
								"up": {"uv": [11.95, 14], "uv_size": [-2, -2]},
								"down": {"uv": [14, 2.25], "uv_size": [-2, -2.25]}
							}
						}
					]
				}
			]
		}
	]
}