{
	"format_version": "1.12.0",
	"minecraft:geometry": [
		{
			"description": {
				"identifier": "geometry.unknown",
				"texture_width": 16,
				"texture_height": 16,
				"visible_bounds_width": 5,
				"visible_bounds_height": 2.5,
				"visible_bounds_offset": [0, 0.75, 0]
			},
			"bones": [
				{
					"name": "head",
					"pivot": [0, 10.5, -8]
				},
				{
					"name": "ear_left",
					"parent": "head",
					"pivot": [3.5, 15.5, -10],
					"cubes": [
						{
							"origin": [2, 15, -14],
							"size": [2, 2, 1],
							"uv": {
								"north": {"uv": [2.5, 6.75], "uv_size": [0.5, -0.75]},
								"east": {"uv": [2.875, 6.25], "uv_size": [-0.5, 0.5]},
								"south": {"uv": [3.5, 5], "uv_size": [-0.5, 0.5]},
								"west": {"uv": [3.5, 5], "uv_size": [-0.5, 0.5]},
								"up": {"uv": [3, 5.5], "uv_size": [0.5, -0.5]},
								"down": {"uv": [3.75, 6.75], "uv_size": [-0.5, -0.5]}
							}
						},
						{
							"origin": [-4, 15, -14],
							"size": [2, 2, 1],
							"uv": {
								"north": {"uv": [2.5, 6], "uv_size": [0.5, 0.75]},
								"east": {"uv": [3.5, 5], "uv_size": [-0.5, 0.5]},
								"south": {"uv": [3.5, 5], "uv_size": [-0.5, 0.5]},
								"west": {"uv": [3.5, 5], "uv_size": [-0.5, 0.5]},
								"up": {"uv": [3, 5.5], "uv_size": [0.5, -0.5]},
								"down": {"uv": [3.75, 6.75], "uv_size": [-0.5, -0.5]}
							}
						}
					]
				},
				{
					"name": "ear_right",
					"parent": "head",
					"pivot": [-3.5, 14.5, -10]
				},
				{
					"name": "snout",
					"parent": "head",
					"pivot": [0, 9, -17],
					"cubes": [
						{
							"origin": [-2, 7.5, -18],
							"size": [4, 3, 3],
							"uv": {
								"north": {"uv": [1.75, 1.5], "uv_size": [-1, -0.75]},
								"east": {"uv": [2.75, 0.75], "uv_size": [-1, -0.75]},
								"south": {"uv": [2.75, 0.75], "uv_size": [-1, -0.75]},
								"west": {"uv": [2.75, 0.75], "uv_size": [-1, -0.75]},
								"up": {"uv": [0.75, 0], "uv_size": [1, 1]},
								"down": {"uv": [1.75, 0], "uv_size": [1, 0.75]}
							}
						}
					]
				},
				{
					"name": "Head2",
					"pivot": [0, 24, 0.5],
					"cubes": [
						{
							"origin": [-4, 7, -15],
							"size": [8, 8, 8],
							"uv": {
								"north": {"uv": [2, 14], "uv_size": [2, 2]},
								"east": {"uv": [0, 14], "uv_size": [2, 2]},
								"south": {"uv": [6, 14], "uv_size": [2, 2]},
								"west": {"uv": [3.75, 14], "uv_size": [2, 2]},
								"up": {"uv": [4, 14], "uv_size": [-2, -2]},
								"down": {"uv": [6, 14], "uv_size": [-2, -2]}
							}
						},
						{
							"origin": [-4, 7, -15],
							"size": [8, 8, 8],
							"inflate": 0.5,
							"uv": {
								"north": {"uv": [10, 14], "uv_size": [2, 2]},
								"east": {"uv": [8, 14], "uv_size": [2, 2]},
								"south": {"uv": [6.75, 0], "uv_size": [2, 2]},
								"west": {"uv": [12.25, 14], "uv_size": [2, 2]},
								"up": {"uv": [14.125, 2.625], "uv_size": [-2, -2]},
								"down": {"uv": [48, 8], "uv_size": [8, -8]}
							}
						}
					]
				},
				{
					"name": "leg_right",
					"pivot": [-3, 7, 7],
					"cubes": [
						{
							"origin": [-4, 0, 6],
							"size": [2, 7, 2],
							"uv": {
								"north": {"uv": [0.5, 6.5], "uv_size": [0.5, 1.75]},
								"east": {"uv": [0.5, 6.5], "uv_size": [0.5, 1.75]},
								"south": {"uv": [0.5, 6.5], "uv_size": [0.5, 1.75]},
								"west": {"uv": [1, 6.5], "uv_size": [0.5, 1.75]},
								"up": {"uv": [13, 32], "uv_size": [-2, 2]},
								"down": {"uv": [1, 8.25], "uv_size": [-0.5, 0]}
							}
						}
					]
				},
				{
					"name": "leg_left",
					"pivot": [3, 7, 7],
					"cubes": [
						{
							"origin": [2, 0, 6],
							"size": [2, 7, 2],
							"uv": {
								"north": {"uv": [0.5, 6.5], "uv_size": [0.5, 1.75]},
								"east": {"uv": [0.5, 6.5], "uv_size": [0.5, 1.75]},
								"south": {"uv": [0.5, 6.5], "uv_size": [0.5, 1.75]},
								"west": {"uv": [0.5, 6.5], "uv_size": [0.5, 1.75]},
								"up": {"uv": [11, 32], "uv_size": [2, 2]},
								"down": {"uv": [1, 8.25], "uv_size": [-0.5, 0]}
							}
						}
					]
				},
				{
					"name": "arm_right",
					"pivot": [-3, 7, -5],
					"cubes": [
						{
							"origin": [-4, 0, -6],
							"size": [2, 7, 2],
							"uv": {
								"north": {"uv": [0.5, 6.5], "uv_size": [0.5, 1.75]},
								"east": {"uv": [0, 6.5], "uv_size": [0.5, 1.75]},
								"south": {"uv": [1.5, 6.5], "uv_size": [0.5, 1.75]},
								"west": {"uv": [1, 6.5], "uv_size": [0.5, 1.75]},
								"up": {"uv": [4, 24], "uv_size": [-2, 2]},
								"down": {"uv": [1, 8.25], "uv_size": [-0.5, -0.5]}
							}
						}
					]
				},
				{
					"name": "arm_left",
					"pivot": [3, 7, -5],
					"cubes": [
						{
							"origin": [2, 0, -6],
							"size": [2, 7, 2],
							"uv": {
								"north": {"uv": [0.5, 6.5], "uv_size": [0.5, 1.75]},
								"east": {"uv": [0, 6.5], "uv_size": [0.5, 1.75]},
								"south": {"uv": [1.5, 6.5], "uv_size": [0.5, 1.75]},
								"west": {"uv": [1, 6.5], "uv_size": [0.5, 1.75]},
								"up": {"uv": [2, 24], "uv_size": [2, 2]},
								"down": {"uv": [1, 8.25], "uv_size": [-0.5, -0.5]}
							}
						}
					]
				},
				{
					"name": "tail",
					"pivot": [0.5, 12, 8],
					"cubes": [
						{
							"origin": [-2.5, 9, 8],
							"size": [5, 5, 19],
							"uv": {
								"north": {"uv": [6, 10.75], "uv_size": [6, 1.25]},
								"east": {"uv": [6, 10.75], "uv_size": [4.75, 1.25]},
								"south": {"uv": [10.75, 10.75], "uv_size": [1.25, 1.25]},
								"west": {"uv": [6, 10.75], "uv_size": [4.75, 1.25]},
								"up": {"uv": [6, 10.75], "uv_size": [-1.25, -4.75]},
								"down": {"uv": [7.25, 10.75], "uv_size": [-1.25, -4.75]}
							}
						}
					]
				},
				{
					"name": "body",
					"pivot": [0, 11, 0.5],
					"cubes": [
						{
							"origin": [-5.5, 7, -7],
							"size": [11, 8, 15],
							"uv": {
								"north": {"uv": [5.25, 2.75], "uv_size": [-1.5, -1.25]},
								"east": {"uv": [0, 3.75], "uv_size": [1.25, 2]},
								"south": {"uv": [1.75, 2.75], "uv_size": [0.5, 0.5]},
								"west": {"uv": [0, 3.75], "uv_size": [1.25, 2]},
								"up": {"uv": [3.75, 1.5], "uv_size": [1.5, 2]},
								"down": {"uv": [3.75, 1.5], "uv_size": [1.5, 2]}
							}
						}
					]
				}
			]
		}
	]
}