{
	"format_version": "1.12.0",
	"minecraft:geometry": [
		{
			"description": {
				"identifier": "geometry.unknown",
				"texture_width": 16,
				"texture_height": 16,
				"visible_bounds_width": 2,
				"visible_bounds_height": 2.5,
				"visible_bounds_offset": [0, 0.75, 0]
			},
			"bones": [
				{
					"name": "body",
					"pivot": [0, 0, 0],
					"cubes": [
						{
							"origin": [-4, 4.5, -4],
							"size": [8, 9, 8],
							"uv": {
								"north": {"uv": [11, 13], "uv_size": [2, 3]},
								"east": {"uv": [13, 13], "uv_size": [1, 3]},
								"south": {"uv": [14, 13], "uv_size": [2, 3]},
								"west": {"uv": [13, 13], "uv_size": [1, 3]},
								"up": {"uv": [12.75, 13.25], "uv_size": [-1.5, -1.25]},
								"down": {"uv": [14, 16], "uv_size": [-1, -3]}
							}
						}
					]
				},
				{
					"name": "footR",
					"pivot": [-1.5, 4, -0.5],
					"cubes": [
						{
							"origin": [-3, 2.5, -2],
							"size": [3, 2, 3],
							"uv": {
								"north": {"uv": [6, 15], "uv_size": [-1, 0.75]},
								"east": {"uv": [6, 15], "uv_size": [1, 0.75]},
								"south": {"uv": [6, 15], "uv_size": [1, 0.75]},
								"west": {"uv": [6, 15], "uv_size": [1, 0.75]},
								"up": {"uv": [7, 15.75], "uv_size": [-1, -0.75]},
								"down": {"uv": [7, 15.75], "uv_size": [-1, -0.75]}
							}
						},
						{
							"origin": [-2.5, 0.5, 0],
							"size": [2, 2, 0],
							"uv": {
								"north": {"uv": [3, 12.5], "uv_size": [-0.5, -0.5]},
								"east": {"uv": [26, 48], "uv_size": [0, 2]},
								"south": {"uv": [3, 12.5], "uv_size": [-0.5, -0.5]},
								"west": {"uv": [28, 48], "uv_size": [0, 2]},
								"up": {"uv": [26, 48], "uv_size": [2, 0]},
								"down": {"uv": [28, 48], "uv_size": [2, 0]}
							}
						},
						{
							"origin": [-2.5, 0.5, -2],
							"size": [2, 0, 2],
							"uv": {
								"north": {"uv": [2, 50], "uv_size": [2, 0]},
								"east": {"uv": [0, 50], "uv_size": [2, 0]},
								"south": {"uv": [6, 50], "uv_size": [2, 0]},
								"west": {"uv": [4, 50], "uv_size": [2, 0]},
								"up": {"uv": [2.5, 12], "uv_size": [0.5, 0.5]},
								"down": {"uv": [2.5, 12], "uv_size": [0.5, 0.5]}
							}
						}
					]
				},
				{
					"name": "footL",
					"pivot": [1.5, 4, -0.5],
					"cubes": [
						{
							"origin": [0, 2.5, -2],
							"size": [3, 2, 3],
							"uv": {
								"north": {"uv": [6, 15], "uv_size": [-1, 0.75]},
								"east": {"uv": [6, 15], "uv_size": [1, 0.75]},
								"south": {"uv": [6, 15], "uv_size": [1, 0.75]},
								"west": {"uv": [6, 15], "uv_size": [1, 0.75]},
								"up": {"uv": [7, 15.75], "uv_size": [-1, -0.75]},
								"down": {"uv": [7, 15.75], "uv_size": [-1, -0.75]}
							}
						},
						{
							"origin": [0.5, 0.5, 0],
							"size": [2, 2, 0],
							"uv": {
								"north": {"uv": [3, 12.5], "uv_size": [-0.5, -0.5]},
								"east": {"uv": [22, 48], "uv_size": [0, 2]},
								"south": {"uv": [3, 12.5], "uv_size": [-0.5, -0.5]},
								"west": {"uv": [24, 48], "uv_size": [0, 2]},
								"up": {"uv": [22, 48], "uv_size": [2, 0]},
								"down": {"uv": [24, 48], "uv_size": [2, 0]}
							}
						},
						{
							"origin": [0.5, 0.5, -2],
							"size": [2, 0, 2],
							"uv": {
								"north": {"uv": [10, 50], "uv_size": [2, 0]},
								"east": {"uv": [8, 50], "uv_size": [2, 0]},
								"south": {"uv": [14, 50], "uv_size": [2, 0]},
								"west": {"uv": [12, 50], "uv_size": [2, 0]},
								"up": {"uv": [2.5, 12], "uv_size": [0.5, 0.5]},
								"down": {"uv": [2.5, 12], "uv_size": [0.5, 0.5]}
							}
						}
					]
				},
				{
					"name": "wingR1",
					"pivot": [-4, 13, -1],
					"cubes": [
						{
							"origin": [-5, 6.5, -3],
							"size": [1, 7, 7],
							"uv": {
								"north": {"uv": [1.75, 9.5], "uv_size": [0.5, 1.25]},
								"east": {"uv": [2, 6], "uv_size": [1.5, 1.75]},
								"south": {"uv": [1.75, 6], "uv_size": [0.25, 1.75]},
								"west": {"uv": [1.75, 9.5], "uv_size": [0.5, 1.25]},
								"up": {"uv": [3.75, 7.5], "uv_size": [-1.25, -1.5]},
								"down": {"uv": [3.75, 7.5], "uv_size": [-1.25, -1.5]}
							}
						}
					]
				},
				{
					"name": "wingR2",
					"parent": "wingR1",
					"pivot": [-5, 6, -3],
					"rotation": [9.99811, 1.99962, -9.99811],
					"cubes": [
						{
							"origin": [-4.91324, 0.4844, -2.91153],
							"size": [1, 6, 6],
							"uv": {
								"north": {"uv": [1.75, 9.5], "uv_size": [0.5, 1.25]},
								"east": {"uv": [1.75, 9.25], "uv_size": [1.5, 1.5]},
								"south": {"uv": [1.75, 9.5], "uv_size": [0.5, 1.25]},
								"west": {"uv": [0, 9.25], "uv_size": [1.5, 1.5]},
								"up": {"uv": [2.25, 10.75], "uv_size": [-0.5, -1.25]},
								"down": {"uv": [2.25, 10.75], "uv_size": [-0.5, -1.25]}
							}
						}
					]
				},
				{
					"name": "wingL1",
					"pivot": [4, 13, -1],
					"cubes": [
						{
							"origin": [4, 6.5, -3],
							"size": [1, 7, 7],
							"uv": {
								"north": {"uv": [1.75, 9.5], "uv_size": [0.5, 1.25]},
								"east": {"uv": [1.75, 9.5], "uv_size": [0.5, 1.25]},
								"south": {"uv": [1.75, 6], "uv_size": [0.25, 1.75]},
								"west": {"uv": [2, 6], "uv_size": [1.5, 1.75]},
								"up": {"uv": [3.75, 7.5], "uv_size": [-1.25, -1.5]},
								"down": {"uv": [3.75, 7.5], "uv_size": [-1.25, -1.5]}
							}
						}
					]
				},
				{
					"name": "wingL2",
					"pivot": [5, 6, -3],
					"rotation": [9.99811, -1.99962, 9.99811],
					"cubes": [
						{
							"origin": [3.91324, 0.4844, -2.91153],
							"size": [1, 6, 6],
							"uv": {
								"north": {"uv": [1.75, 9.5], "uv_size": [0.5, 1.25]},
								"east": {"uv": [0, 9.25], "uv_size": [1.5, 1.5]},
								"south": {"uv": [1.75, 9.5], "uv_size": [0.5, 1.25]},
								"west": {"uv": [1.75, 9.25], "uv_size": [1.5, 1.5]},
								"up": {"uv": [2.25, 10.75], "uv_size": [-0.5, -1.25]},
								"down": {"uv": [2.25, 10.75], "uv_size": [-0.5, -1.25]}
							}
						}
					]
				},
				{
					"name": "tail",
					"pivot": [0, 5, 4],
					"rotation": [30.00007, 0, 0],
					"cubes": [
						{
							"origin": [-3, 1.43301, 2.25],
							"size": [6, 4, 2],
							"uv": {
								"north": {"uv": [7.5, 8.25], "uv_size": [1.5, 1]},
								"east": {"uv": [7, 8.25], "uv_size": [0.5, 1]},
								"south": {"uv": [9.5, 8.25], "uv_size": [1.5, 1]},
								"west": {"uv": [7, 8.25], "uv_size": [0.5, 1]},
								"up": {"uv": [11, 9.25], "uv_size": [-1.5, -1]},
								"down": {"uv": [11, 9.25], "uv_size": [-1.5, -1]}
							}
						}
					]
				},
				{
					"name": "head",
					"pivot": [0, 13, 0],
					"cubes": [
						{
							"origin": [-1, 14, -4.5],
							"size": [2, 2, 1],
							"uv": {
								"north": {"uv": [4.25, 12.25], "uv_size": [0.75, 0.5]},
								"east": {"uv": [4.25, 12.25], "uv_size": [0.75, 0.5]},
								"south": {"uv": [4.25, 12.25], "uv_size": [0.75, 0.5]},
								"west": {"uv": [4.25, 12.25], "uv_size": [0.75, 0.5]},
								"up": {"uv": [5, 12.75], "uv_size": [-0.75, -0.5]},
								"down": {"uv": [5, 12.75], "uv_size": [-0.75, -0.5]}
							}
						},
						{
							"origin": [-3.5, 13.5, -3.75],
							"size": [7, 7, 7],
							"uv": {
								"north": {"uv": [2, 2], "uv_size": [2, 2]},
								"east": {"uv": [0.25, 2], "uv_size": [2, 2]},
								"south": {"uv": [5.25, 2], "uv_size": [2, 2]},
								"west": {"uv": [3.75, 2], "uv_size": [2, 2]},
								"up": {"uv": [4, 2], "uv_size": [-2, -2]},
								"down": {"uv": [6, 2], "uv_size": [-2, -1.75]}
							}
						},
						{
							"origin": [-3.5, 13.5, -3.75],
							"size": [7, 7, 7],
							"inflate": 0.5,
							"uv": {
								"north": {"uv": [10, 2], "uv_size": [2, 2]},
								"east": {"uv": [8, 2], "uv_size": [2, 2]},
								"south": {"uv": [14, 2], "uv_size": [2, 2]},
								"west": {"uv": [12.25, 2], "uv_size": [2, 2]},
								"up": {"uv": [11.75, 2], "uv_size": [-2, -2]},
								"down": {"uv": [11.75, 2], "uv_size": [-2, -2]}
							}
						}
					]
				},
				{
					"name": "tuftR",
					"pivot": [-2, 21.5, -3],
					"rotation": [24.99815, -20.00196, 0],
					"cubes": [
						{
							"origin": [-3.5, 20.59368, -3.42259],
							"size": [2, 0, 4],
							"uv": {
								"north": {"uv": [28, 47], "uv_size": [2, 0]},
								"east": {"uv": [24, 47], "uv_size": [4, 0]},
								"south": {"uv": [34, 47], "uv_size": [2, 0]},
								"west": {"uv": [30, 47], "uv_size": [4, 0]},
								"up": {"uv": [7.5, 11.75], "uv_size": [-0.5, -1]},
								"down": {"uv": [10.5, 11.75], "uv_size": [-0.5, -1]}
							}
						}
					]
				},
				{
					"name": "tuftL",
					"pivot": [2, 21.5, -3],
					"rotation": [24.99815, 20.00196, 0],
					"cubes": [
						{
							"origin": [1.5, 20.59368, -3.42259],
							"size": [2, 0, 4],
							"uv": {
								"north": {"uv": [40, 47], "uv_size": [2, 0]},
								"east": {"uv": [36, 47], "uv_size": [4, 0]},
								"south": {"uv": [46, 47], "uv_size": [2, 0]},
								"west": {"uv": [42, 47], "uv_size": [4, 0]},
								"up": {"uv": [10.5, 11.75], "uv_size": [-0.5, -1]},
								"down": {"uv": [7.5, 11.75], "uv_size": [-0.5, -1]}
							}
						}
					]
				}
			]
		}
	]
}