{
	"format_version": "1.12.0",
	"minecraft:geometry": [
		{
			"description": {
				"identifier": "geometry.69d486bb-4097-4711-a246-ceace54b6894",
				"texture_width": 16,
				"texture_height": 16,
				"visible_bounds_width": 3,
				"visible_bounds_height": 3.5,
				"visible_bounds_offset": [0, 1.25, 0]
			},
			"bones": [
				{
					"name": "Head",
					"pivot": [0, 24, 0],
					"cubes": [
						{
							"origin": [-4.25, 16, -16],
							"size": [8, 8, 8],
							"uv": {
								"north": {"uv": [2, 2], "uv_size": [2, 2]},
								"east": {"uv": [0, 2], "uv_size": [2, 2]},
								"south": {"uv": [6, 2], "uv_size": [2, 2]},
								"west": {"uv": [4, 2], "uv_size": [2, 2]},
								"up": {"uv": [4, 2], "uv_size": [-2, -2]},
								"down": {"uv": [6, 2], "uv_size": [-2, -2]}
							}
						},
						{
							"origin": [-4.25, 16, -16],
							"size": [8, 8, 8],
							"inflate": 0.5,
							"uv": {
								"north": {"uv": [10, 2], "uv_size": [2, 2]},
								"east": {"uv": [8, 2], "uv_size": [2, 2]},
								"south": {"uv": [10, 0], "uv_size": [2, 2]},
								"west": {"uv": [12, 2], "uv_size": [2, 2]},
								"up": {"uv": [12, 2], "uv_size": [-2, -2]},
								"down": {"uv": [15, 11], "uv_size": [-2, -2]}
							}
						}
					]
				},
				{
					"name": "bone",
					"pivot": [0, 0, 0],
					"cubes": [
						{
							"origin": [-6.71768, 0, -8.38216],
							"size": [3.09329, 10.82652, 3.09329],
							"uv": {
								"north": {"uv": [9, 13], "uv_size": [1, 3]},
								"east": {"uv": [10, 13], "uv_size": [-1, 3]},
								"south": {"uv": [9, 13], "uv_size": [1, 3]},
								"west": {"uv": [10, 13], "uv_size": [-1, 3]},
								"up": {"uv": [3, 3], "uv_size": [-3, -3]},
								"down": {"uv": [6.7, 8], "uv_size": [-1.4, -1.4]}
							}
						},
						{
							"origin": [-6.71768, 10.82652, -8.38216],
							"size": [12.11539, 11.0843, 18.30198],
							"uv": {
								"north": {"uv": [0.25, 5.5], "uv_size": [3, 1.75]},
								"east": {"uv": [0.5, 5.25], "uv_size": [3, 2]},
								"south": {"uv": [0, 5.25], "uv_size": [4, 1.75]},
								"west": {"uv": [0.75, 5.5], "uv_size": [3, 1.5]},
								"up": {"uv": [10, 8], "uv_size": [-2, -2.75]},
								"down": {"uv": [8, 8], "uv_size": [-4, -3]}
							}
						},
						{
							"origin": [2.77332, 16.30355, -12.50656],
							"size": [6.00813, 8.00656, 1.0311],
							"pivot": [3.07774, 20.62195, -11.21768],
							"rotation": [0, -22.5, 0],
							"uv": {
								"north": {"uv": [1, 6], "uv_size": [2, 2]},
								"east": {"uv": [1, 6], "uv_size": [2, 2]},
								"south": {"uv": [1, 6], "uv_size": [2, 2]},
								"west": {"uv": [1, 6], "uv_size": [2, 2]},
								"up": {"uv": [3, 8], "uv_size": [-2, -2]},
								"down": {"uv": [3, 8], "uv_size": [-2, -2]}
							}
						},
						{
							"origin": [-9.84364, 16.30355, -12.49878],
							"size": [6.00812, 8.00656, 1.0311],
							"pivot": [-4.13994, 20.62195, -11.21768],
							"rotation": [0, 22.5, 0],
							"uv": {
								"north": {"uv": [3, 6], "uv_size": [-2, 2]},
								"east": {"uv": [1, 6], "uv_size": [2, 2]},
								"south": {"uv": [1, 6], "uv_size": [2, 2]},
								"west": {"uv": [1, 6], "uv_size": [2, 2]},
								"up": {"uv": [3, 8], "uv_size": [-2, -2]},
								"down": {"uv": [3, 8], "uv_size": [-2, -2]}
							}
						},
						{
							"origin": [-3.18872, 16.23979, -18.43537],
							"size": [5.57302, 6.18658, 2.57775],
							"pivot": [-0.5311, 17.52866, -19.98201],
							"rotation": [-45, 0, 0],
							"uv": {
								"north": {"uv": [4, 13], "uv_size": [1, 2]},
								"east": {"uv": [4, 13], "uv_size": [1, 2]},
								"south": {"uv": [4, 13], "uv_size": [1, 2]},
								"west": {"uv": [4, 13], "uv_size": [1, 2]},
								"up": {"uv": [5, 15], "uv_size": [-1, -2]},
								"down": {"uv": [5, 15], "uv_size": [-1, -2]}
							}
						},
						{
							"origin": [-1.81997, 9.0221, -18.95092],
							"size": [2.83552, 6.89226, 2.57775],
							"pivot": [-0.5311, 17.52866, -19.98201],
							"rotation": [-22.5, 0, 0],
							"uv": {
								"north": {"uv": [4, 13], "uv_size": [1, 2]},
								"east": {"uv": [4, 13], "uv_size": [1, 2]},
								"south": {"uv": [4, 13], "uv_size": [1, 2]},
								"west": {"uv": [4, 13], "uv_size": [1, 2]},
								"up": {"uv": [5, 15], "uv_size": [-1, -2]},
								"down": {"uv": [5, 15], "uv_size": [-1, -2]}
							}
						},
						{
							"origin": [-1.5622, 4.89771, -18.95092],
							"size": [2.31997, 4.38217, 2.57775],
							"pivot": [-0.5311, 17.52866, -19.98201],
							"rotation": [-22.5, 0, 0],
							"uv": {
								"north": {"uv": [4, 13], "uv_size": [1, 2]},
								"east": {"uv": [4, 13], "uv_size": [1, 2]},
								"south": {"uv": [4, 13], "uv_size": [1, 2]},
								"west": {"uv": [4, 13], "uv_size": [1, 2]},
								"up": {"uv": [5, 15], "uv_size": [-1, -2]},
								"down": {"uv": [5, 15], "uv_size": [-1, -2]}
							}
						},
						{
							"origin": [-3.08439, 14.31756, -22.49759],
							"size": [1.0311, 1.0311, 5.15549],
							"uv": {
								"north": {"uv": [6.25, 0.25], "uv_size": [2.75, 1]},
								"east": {"uv": [6.25, 0.25], "uv_size": [2.75, 1]},
								"south": {"uv": [6.25, 0.25], "uv_size": [2.75, 1]},
								"west": {"uv": [6.25, 0.25], "uv_size": [2.75, 1]},
								"up": {"uv": [9, 1.25], "uv_size": [-2.75, -1]},
								"down": {"uv": [9, 1.25], "uv_size": [-2.75, -1]}
							}
						},
						{
							"origin": [-2.82662, 13.80201, -25.72191],
							"size": [0.51555, 1.0311, 3.22432],
							"pivot": [-2.56884, 13.54424, -21.46649],
							"rotation": [-22.5, 0, 0],
							"uv": {
								"north": {"uv": [6.25, 0.25], "uv_size": [2.75, 1]},
								"east": {"uv": [6.25, 0.25], "uv_size": [2.75, 1]},
								"south": {"uv": [6.25, 0.25], "uv_size": [2.75, 1]},
								"west": {"uv": [6.25, 0.25], "uv_size": [2.75, 1]},
								"up": {"uv": [9, 1.25], "uv_size": [-2.75, -1]},
								"down": {"uv": [9, 1.25], "uv_size": [-2.75, -1]}
							}
						},
						{
							"origin": [-2.56884, 13.80201, -26.9824],
							"size": [0, 1.0311, 1.64929],
							"pivot": [-2.56884, 13.54424, -21.46649],
							"rotation": [-22.5, 0, 0],
							"uv": {
								"north": {"uv": [0, 0], "uv_size": [1.5, 1]},
								"east": {"uv": [0, 0], "uv_size": [1.5, 1]},
								"south": {"uv": [0, 0], "uv_size": [1.5, 1]},
								"west": {"uv": [0, 0], "uv_size": [1.5, 1]},
								"up": {"uv": [1.5, 1], "uv_size": [-1.5, -1]},
								"down": {"uv": [1.5, 1], "uv_size": [-1.5, -1]}
							}
						},
						{
							"origin": [-1.04665, 8.24878, 10.17759],
							"size": [1.0311, 12.63095, 0.77333],
							"pivot": [-0.5311, 18.04421, 9.91982],
							"rotation": [22.5, 0, 0],
							"uv": {
								"north": {"uv": [2, 5], "uv_size": [1, 3]},
								"east": {"uv": [2, 5], "uv_size": [1, 3]},
								"south": {"uv": [2, 5], "uv_size": [1, 3]},
								"west": {"uv": [2, 5], "uv_size": [1, 3]},
								"up": {"uv": [3, 8], "uv_size": [-1, -3]},
								"down": {"uv": [3, 8], "uv_size": [-1, -3]}
							}
						},
						{
							"origin": [-1.30442, 7.73323, 9.91982],
							"size": [1.54665, 1.54665, 1.28887],
							"pivot": [-0.5311, 18.04421, 9.91982],
							"rotation": [22.5, 0, 0],
							"uv": {
								"north": {"uv": [5.5, 6.75], "uv_size": [1, 1]},
								"east": {"uv": [5.5, 6.75], "uv_size": [1, 1]},
								"south": {"uv": [5.5, 6.75], "uv_size": [1, 1]},
								"west": {"uv": [5.5, 6.75], "uv_size": [1, 1]},
								"up": {"uv": [6.5, 7.75], "uv_size": [-1, -1]},
								"down": {"uv": [6.5, 7.75], "uv_size": [-1, -1]}
							}
						},
						{
							"origin": [2.28232, 0, -8.38216],
							"size": [3.09329, 10.82652, 3.09329],
							"uv": {
								"north": {"uv": [10, 13], "uv_size": [-1, 3]},
								"east": {"uv": [9, 13], "uv_size": [1, 3]},
								"south": {"uv": [10, 13], "uv_size": [-1, 3]},
								"west": {"uv": [9, 13], "uv_size": [1, 3]},
								"up": {"uv": [3, 3], "uv_size": [-3, -3]},
								"down": {"uv": [6.7, 8], "uv_size": [-1.4, -1.4]}
							}
						},
						{
							"origin": [2.28232, 0, 6.61784],
							"size": [3.09329, 10.82652, 3.09329],
							"uv": {
								"north": {"uv": [10, 13], "uv_size": [-1, 3]},
								"east": {"uv": [9, 13], "uv_size": [1, 3]},
								"south": {"uv": [10, 13], "uv_size": [-1, 3]},
								"west": {"uv": [9, 13], "uv_size": [1, 3]},
								"up": {"uv": [3, 3], "uv_size": [-3, -3]},
								"down": {"uv": [6.7, 8], "uv_size": [-1.4, -1.4]}
							}
						},
						{
							"origin": [-6.71768, 0, 6.61784],
							"size": [3.09329, 10.82652, 3.09329],
							"uv": {
								"north": {"uv": [9, 13], "uv_size": [1, 3]},
								"east": {"uv": [10, 13], "uv_size": [-1, 3]},
								"south": {"uv": [9, 13], "uv_size": [1, 3]},
								"west": {"uv": [10, 13], "uv_size": [-1, 3]},
								"up": {"uv": [3, 3], "uv_size": [-3, -3]},
								"down": {"uv": [6.7, 8], "uv_size": [-1.4, -1.4]}
							}
						},
						{
							"origin": [1.16561, 14.31756, -22.49759],
							"size": [1.0311, 1.0311, 5.15549],
							"uv": {
								"north": {"uv": [6.25, 0.25], "uv_size": [2.75, 1]},
								"east": {"uv": [6.25, 0.25], "uv_size": [2.75, 1]},
								"south": {"uv": [6.25, 0.25], "uv_size": [2.75, 1]},
								"west": {"uv": [6.25, 0.25], "uv_size": [2.75, 1]},
								"up": {"uv": [9, 1.25], "uv_size": [-2.75, -1]},
								"down": {"uv": [9, 1.25], "uv_size": [-2.75, -1]}
							}
						},
						{
							"origin": [1.42338, 13.80201, -25.72191],
							"size": [0.51555, 1.0311, 3.22432],
							"pivot": [1.68116, 13.54424, -21.46649],
							"rotation": [-22.5, 0, 0],
							"uv": {
								"north": {"uv": [6.25, 0.25], "uv_size": [2.75, 1]},
								"east": {"uv": [6.25, 0.25], "uv_size": [2.75, 1]},
								"south": {"uv": [6.25, 0.25], "uv_size": [2.75, 1]},
								"west": {"uv": [6.25, 0.25], "uv_size": [2.75, 1]},
								"up": {"uv": [9, 1.25], "uv_size": [-2.75, -1]},
								"down": {"uv": [9, 1.25], "uv_size": [-2.75, -1]}
							}
						},
						{
							"origin": [1.68116, 13.80201, -26.9824],
							"size": [0, 1.0311, 1.64929],
							"pivot": [1.68116, 13.54424, -21.46649],
							"rotation": [-22.5, 0, 0],
							"uv": {
								"north": {"uv": [0, 0], "uv_size": [1.5, 1]},
								"east": {"uv": [0, 0], "uv_size": [1.5, 1]},
								"south": {"uv": [0, 0], "uv_size": [1.5, 1]},
								"west": {"uv": [0, 0], "uv_size": [1.5, 1]},
								"up": {"uv": [1.5, 1], "uv_size": [-1.5, -1]},
								"down": {"uv": [1.5, 1], "uv_size": [-1.5, -1]}
							}
						}
					]
				}
			]
		}
	]
}