{
	"format_version": "1.12.0",
	"minecraft:geometry": [
		{
			"description": {
				"identifier": "geometry.cow",
				"texture_width": 64,
				"texture_height": 32,
				"visible_bounds_width": 3,
				"visible_bounds_height": 3.5,
				"visible_bounds_offset": [0, 1.25, 0]
			},
			"bones": [
				{
					"name": "body",
					"pivot": [0, 19, 2],
					"rotation": [90, 0, 0],
					"cubes": [
						{"origin": [-6, 11, -5], "size": [12, 18, 10], "uv": [18, 4]}
					]
				},
				{
					"name": "head",
					"pivot": [0, 20, -8],
					"cubes": [
						{"origin": [-4, 18, -14], "size": [8, 8, 6], "uv": [0, 0]},
						{"origin": [-5, 24, -15], "size": [1, 1, 7], "uv": [0, 24]},
						{"origin": [4, 24, -15], "size": [1, 1, 7], "uv": [0, 24]},
						{"origin": [-4, 24, -15], "size": [8, 1, 1], "uv": [0, 30]},
						{"origin": [-5, 24, -8], "size": [10, 1, 1], "uv": [0, 30]}
					]
				},
				{
					"name": "leg0",
					"pivot": [-4, 12, 7],
					"cubes": [
						{"origin": [-6, 0, 5], "size": [4, 12, 4], "uv": [0, 16]}
					]
				},
				{
					"name": "leg1",
					"pivot": [4, 12, 7],
					"mirror": true,
					"cubes": [
						{"origin": [2, 0, 5], "size": [4, 12, 4], "uv": [0, 16]}
					]
				},
				{
					"name": "leg2",
					"pivot": [-4, 12, -6],
					"cubes": [
						{"origin": [-6, 0, -7], "size": [4, 12, 4], "uv": [0, 16]}
					]
				},
				{
					"name": "leg3",
					"pivot": [4, 12, -6],
					"mirror": true,
					"cubes": [
						{"origin": [2, 0, -7], "size": [4, 12, 4], "uv": [0, 16]}
					]
				}
			]
		}
	]
}