{
	"format_version": "1.12.0",
	"minecraft:geometry": [
		{
			"description": {
				"identifier": "geometry.unknown",
				"texture_width": 16,
				"texture_height": 16,
				"visible_bounds_width": 3,
				"visible_bounds_height": 2.5,
				"visible_bounds_offset": [0, 0.75, 0]
			},
			"bones": [
				{
					"name": "Head",
					"pivot": [0, 24, -1],
					"cubes": [
						{
							"origin": [-4, 2, -5],
							"size": [8, 8, 10],
							"uv": {
								"north": {"uv": [2, 2], "uv_size": [2, 2]},
								"east": {"uv": [0, 2], "uv_size": [2, 2]},
								"south": {"uv": [6, 2], "uv_size": [2, 2]},
								"west": {"uv": [4, 2], "uv_size": [2, 2]},
								"up": {"uv": [4, 2], "uv_size": [-2, -2]},
								"down": {"uv": [6, 2], "uv_size": [-2, -2]}
							}
						},
						{
							"origin": [-4, 2, -5],
							"size": [8, 8, 10],
							"inflate": 0.5,
							"uv": {
								"north": {"uv": [10, 2], "uv_size": [2, 2]},
								"east": {"uv": [8, 2], "uv_size": [2, 2]},
								"south": {"uv": [14, 2], "uv_size": [2, 2]},
								"west": {"uv": [12, 2], "uv_size": [2, 2]},
								"up": {"uv": [12, 2], "uv_size": [-2, -2]},
								"down": {"uv": [12, 2], "uv_size": [-2, -2]}
							}
						}
					]
				},
				{
					"name": "body",
					"pivot": [0.5, 5, 0],
					"cubes": [
						{
							"origin": [-2, 7.3, -8],
							"size": [0, 2, 3],
							"uv": {
								"north": {"uv": [8.25, 0], "uv_size": [0.75, 0.5]},
								"east": {"uv": [1.25, 0.75], "uv_size": [-0.75, 0.5]},
								"south": {"uv": [8.25, 0], "uv_size": [0.75, 0.5]},
								"west": {"uv": [0.5, 0.75], "uv_size": [0.75, 0.5]},
								"up": {"uv": [9, 0.5], "uv_size": [-0.75, -0.5]},
								"down": {"uv": [9, 0.5], "uv_size": [-0.75, -0.5]}
							}
						},
						{
							"origin": [2, 7.3, -8],
							"size": [0, 2, 3],
							"uv": {
								"north": {"uv": [8.25, 0], "uv_size": [0.75, 0.5]},
								"east": {"uv": [1.25, 0.75], "uv_size": [-0.75, 0.5]},
								"south": {"uv": [8.25, 0], "uv_size": [0.75, 0.5]},
								"west": {"uv": [0.5, 0.75], "uv_size": [0.75, 0.5]},
								"up": {"uv": [9, 0.5], "uv_size": [-0.75, -0.5]},
								"down": {"uv": [9, 0.5], "uv_size": [-0.75, -0.5]}
							}
						}
					]
				},
				{
					"name": "stinger",
					"parent": "body",
					"pivot": [0.5, 6, 1],
					"cubes": [
						{
							"origin": [0.5, 5, 5],
							"size": [0, 1, 2],
							"uv": {
								"north": {"uv": [28, 9], "uv_size": [0, 1]},
								"east": {"uv": [1.5, 1.5], "uv_size": [0.5, 0.25]},
								"south": {"uv": [30, 9], "uv_size": [0, 1]},
								"west": {"uv": [1.5, 1.5], "uv_size": [0.5, 0.25]},
								"up": {"uv": [28, 7], "uv_size": [0, 2]},
								"down": {"uv": [28, 9], "uv_size": [0, -2]}
							}
						}
					]
				},
				{
					"name": "rightwing_bone",
					"parent": "body",
					"pivot": [-1, 9, -3],
					"rotation": [15, -15, 0],
					"cubes": [
						{
							"origin": [-10, 10, -3],
							"size": [9, 0, 6],
							"uv": {
								"north": {"uv": [6, 24], "uv_size": [9, 0]},
								"east": {"uv": [0, 24], "uv_size": [6, 0]},
								"south": {"uv": [21, 24], "uv_size": [9, 0]},
								"west": {"uv": [15, 24], "uv_size": [6, 0]},
								"up": {"uv": [2, 4.5], "uv_size": [1.75, 1.5]},
								"down": {"uv": [2, 4.5], "uv_size": [1.75, 1.5]}
							}
						}
					]
				},
				{
					"name": "leftwing_bone",
					"parent": "body",
					"pivot": [2, 9, -3],
					"rotation": [15, 15, 0],
					"cubes": [
						{
							"origin": [2, 10, -3],
							"size": [9, 0, 6],
							"uv": {
								"north": {"uv": [15, 30], "uv_size": [9, 0]},
								"east": {"uv": [9, 30], "uv_size": [6, 0]},
								"south": {"uv": [30, 30], "uv_size": [9, 0]},
								"west": {"uv": [24, 30], "uv_size": [6, 0]},
								"up": {"uv": [3.75, 6], "uv_size": [1.75, 1.5]},
								"down": {"uv": [3.75, 6], "uv_size": [1.75, 1.5]}
							}
						}
					]
				},
				{
					"name": "leg_front",
					"parent": "body",
					"pivot": [2, 2, -2],
					"cubes": [
						{
							"origin": [-3, 0, -2],
							"size": [7, 2, 0],
							"uv": {
								"north": {"uv": [6.75, 0.25], "uv_size": [1.25, 0.5]},
								"east": {"uv": [26, 1], "uv_size": [0, 2]},
								"south": {"uv": [6.75, 0.25], "uv_size": [1.25, 0.5]},
								"west": {"uv": [33, 1], "uv_size": [0, 2]},
								"up": {"uv": [26, 1], "uv_size": [7, 0]},
								"down": {"uv": [33, 1], "uv_size": [7, 0]}
							}
						}
					]
				},
				{
					"name": "leg_mid",
					"parent": "body",
					"pivot": [2, 2, 0],
					"cubes": [
						{
							"origin": [-3, 0, 0],
							"size": [7, 2, 0],
							"uv": {
								"north": {"uv": [6.75, 0.75], "uv_size": [1.25, 0.5]},
								"east": {"uv": [26, 3], "uv_size": [0, 2]},
								"south": {"uv": [6.75, 0.75], "uv_size": [1.25, 0.5]},
								"west": {"uv": [33, 3], "uv_size": [0, 2]},
								"up": {"uv": [26, 3], "uv_size": [7, 0]},
								"down": {"uv": [33, 3], "uv_size": [7, 0]}
							}
						}
					]
				},
				{
					"name": "leg_back",
					"parent": "body",
					"pivot": [2, 2, 2],
					"cubes": [
						{
							"origin": [-3, 0, 2],
							"size": [7, 2, 0],
							"uv": {
								"north": {"uv": [6.75, 0.75], "uv_size": [1.25, 0.5]},
								"east": {"uv": [26, 5], "uv_size": [0, 2]},
								"south": {"uv": [6.75, 0.75], "uv_size": [1.25, 0.5]},
								"west": {"uv": [33, 5], "uv_size": [0, 2]},
								"up": {"uv": [26, 5], "uv_size": [7, 0]},
								"down": {"uv": [33, 5], "uv_size": [7, 0]}
							}
						}
					]
				}
			]
		}
	]
}