{
	"format_version": "1.12.0",
	"minecraft:geometry": [
		{
			"description": {
				"identifier": "geometry.unknown",
				"texture_width": 16,
				"texture_height": 16,
				"visible_bounds_width": 4,
				"visible_bounds_height": 2.5,
				"visible_bounds_offset": [0, 0.75, 0]
			},
			"bones": [
				{
					"name": "root",
					"pivot": [0, 0, 0]
				},
				{
					"name": "body",
					"parent": "root",
					"pivot": [0, 9.9, 3.9],
					"cubes": [
						{
							"origin": [-3, 7, -6],
							"size": [6, 5, 11],
							"uv": {
								"north": {"uv": [5, 4], "uv_size": [2, 1]},
								"east": {"uv": [9, 5], "uv_size": [-2, 3]},
								"south": {"uv": [10, 5], "uv_size": [-2, 3]},
								"west": {"uv": [9.25, 5], "uv_size": [-2, 3]},
								"up": {"uv": [8, 8], "uv_size": [2, -3]},
								"down": {"uv": [5, 8], "uv_size": [2, -3]}
							}
						}
					]
				},
				{
					"name": "arm_left",
					"parent": "body",
					"pivot": [2.1, 7.5, -4.9],
					"cubes": [
						{
							"origin": [1.1, 0, -5.9],
							"size": [2, 9, 2],
							"uv": {
								"north": {"uv": [11, 5], "uv_size": [1, 3]},
								"east": {"uv": [11, 5], "uv_size": [1, 3]},
								"south": {"uv": [11, 5], "uv_size": [1, 3]},
								"west": {"uv": [11, 5], "uv_size": [1, 3]},
								"up": {"uv": [12, 6.25], "uv_size": [-1, -1.25]},
								"down": {"uv": [12, 8], "uv_size": [-1, -0.25]}
							}
						}
					]
				},
				{
					"name": "arm_right",
					"parent": "body",
					"pivot": [-2.1, 7.5, -4.9],
					"cubes": [
						{
							"origin": [-3.1, 0, -5.9],
							"size": [2, 9, 2],
							"uv": {
								"north": {"uv": [11, 5], "uv_size": [1, 3]},
								"east": {"uv": [11, 5], "uv_size": [1, 3]},
								"south": {"uv": [11, 5], "uv_size": [1, 3]},
								"west": {"uv": [11, 5], "uv_size": [1, 3]},
								"up": {"uv": [12, 6.25], "uv_size": [-1, -1.25]},
								"down": {"uv": [12, 8], "uv_size": [-1, -0.25]}
							}
						}
					]
				},
				{
					"name": "leg_left",
					"parent": "body",
					"pivot": [2, 7, 4],
					"cubes": [
						{
							"origin": [1, 0, 3],
							"size": [2, 7, 2],
							"uv": {
								"north": {"uv": [11, 5], "uv_size": [1, 3]},
								"east": {"uv": [11, 5], "uv_size": [1, 3]},
								"south": {"uv": [11, 5], "uv_size": [1, 3]},
								"west": {"uv": [11, 5], "uv_size": [1, 3]},
								"up": {"uv": [12, 6.25], "uv_size": [-1, -1.25]},
								"down": {"uv": [12, 8], "uv_size": [-1, -0.25]}
							}
						}
					]
				},
				{
					"name": "leg_right",
					"parent": "body",
					"pivot": [-2, 7, 4],
					"cubes": [
						{
							"origin": [-3, 0, 3],
							"size": [2, 7, 2],
							"uv": {
								"north": {"uv": [11, 5], "uv_size": [1, 3]},
								"east": {"uv": [11, 5], "uv_size": [1, 3]},
								"south": {"uv": [11, 5], "uv_size": [1, 3]},
								"west": {"uv": [11, 5], "uv_size": [1, 3]},
								"up": {"uv": [12, 6.25], "uv_size": [-1, -1.25]},
								"down": {"uv": [12, 8], "uv_size": [-1, -0.25]}
							}
						}
					]
				},
				{
					"name": "tail1",
					"parent": "body",
					"pivot": [0, 11, 4.4],
					"rotation": [39.99818, 0, 0],
					"cubes": [
						{
							"origin": [-1, 10, 4.4],
							"size": [2, 2, 8],
							"uv": {
								"north": {"uv": [4, 10.25], "uv_size": [4.75, 0.5]},
								"east": {"uv": [4, 10.25], "uv_size": [4.75, 0.5]},
								"south": {"uv": [4, 10.25], "uv_size": [4.75, 0.5]},
								"west": {"uv": [4, 10.25], "uv_size": [4.75, 0.5]},
								"up": {"uv": [8.75, 10.75], "uv_size": [-4.75, -0.5]},
								"down": {"uv": [8.75, 10.75], "uv_size": [-4.75, -0.5]}
							}
						}
					]
				},
				{
					"name": "tail2",
					"parent": "tail1",
					"pivot": [0, 11.2, 12.1],
					"rotation": [39.99818, 0, 0]
				},
				{
					"name": "tail2_r1",
					"parent": "tail2",
					"pivot": [0, 11.3875, 12.0209],
					"rotation": [-82.50019, 0, 0],
					"cubes": [
						{
							"origin": [-1, 9.2, 11.8],
							"size": [2, 3, 9],
							"inflate": -0.1,
							"uv": {
								"north": {"uv": [3.875, 10.25], "uv_size": [4.75, 0.5]},
								"east": {"uv": [3.875, 10.25], "uv_size": [4.75, 0.5]},
								"south": {"uv": [3.875, 10.25], "uv_size": [1.25, 0.5]},
								"west": {"uv": [3.875, 10.25], "uv_size": [4.75, 0.5]},
								"up": {"uv": [8.625, 10.75], "uv_size": [-4.75, -0.5]},
								"down": {"uv": [8.625, 10.75], "uv_size": [-4.75, -0.5]}
							}
						}
					]
				},
				{
					"name": "head",
					"parent": "body",
					"pivot": [0, 11, -6],
					"cubes": [
						{
							"origin": [-2, 10, -9],
							"size": [4, 4, 3],
							"uv": {
								"north": {"uv": [27, 3], "uv_size": [4, 4]},
								"east": {"uv": [24, 3], "uv_size": [3, 4]},
								"south": {"uv": [34, 3], "uv_size": [4, 4]},
								"west": {"uv": [31, 3], "uv_size": [3, 4]},
								"up": {"uv": [27, 0], "uv_size": [4, 3]},
								"down": {"uv": [31, 3], "uv_size": [4, -3]}
							}
						}
					]
				},
				{
					"name": "hair",
					"parent": "head",
					"pivot": [0, 12, -8],
					"cubes": [
						{
							"origin": [-3, 10, -8],
							"size": [6, 4, 0],
							"uv": {
								"north": {"uv": [1.5, 12.25], "uv_size": [1.5, 1]},
								"east": {"uv": [6, 38], "uv_size": [0, 4]},
								"south": {"uv": [1.5, 12.25], "uv_size": [1.5, 1.25]},
								"west": {"uv": [12, 38], "uv_size": [0, 4]},
								"up": {"uv": [6, 38], "uv_size": [6, 0]},
								"down": {"uv": [12, 38], "uv_size": [6, 0]}
							}
						}
					]
				},
				{
					"name": "snout",
					"parent": "head",
					"pivot": [0, 10, -9]
				},
				{
					"name": "Head2",
					"pivot": [-2, 9.5, -6],
					"cubes": [
						{
							"origin": [-2, 9.5, -10],
							"size": [4, 4, 4],
							"uv": {
								"north": {"uv": [1.75, 2], "uv_size": [2.5, 2]},
								"east": {"uv": [0, 2], "uv_size": [2, 2]},
								"south": {"uv": [4.5, 2], "uv_size": [2, 2]},
								"west": {"uv": [4, 2], "uv_size": [2.5, 2]},
								"up": {"uv": [4, 2], "uv_size": [-2, -2]},
								"down": {"uv": [6, 2], "uv_size": [-2, -2]}
							}
						},
						{
							"origin": [-2, 9.5, -10],
							"size": [4, 4, 4],
							"inflate": 0.5,
							"uv": {
								"north": {"uv": [10, 2], "uv_size": [2, 2]},
								"east": {"uv": [8, 2], "uv_size": [2, 2]},
								"south": {"uv": [14, 2], "uv_size": [2, 2]},
								"west": {"uv": [11.75, 2], "uv_size": [2, 2]},
								"up": {"uv": [12, 2], "uv_size": [-2, -2]},
								"down": {"uv": [14, 2], "uv_size": [-2, -2]}
							}
						}
					]
				}
			]
		}
	]
}