{
  "credit": "Made with Blockbench",
  "parent": "builtin/entity",
  "texture_size": [
    2252,
    1600
  ],
  "display": {
    "thirdperson_righthand": {
      "scale": [
        0.5,
        0.5,
        0.5
      ]
    },
    "thirdperson_lefthand": {
      "rotation": [
        0,
        -20,
        0
      ],
      "translation": [
        0,
        0.75,
        0
      ],
      "scale": [
        0.5,
        0.5,
        0.5
      ]
    },
    "firstperson_righthand": {
      "rotation": [
        0,
        123,
        -10
      ],
      "translation": [
        3.5,
        -0.75,
        0
      ],
      "scale": [
        0.8,
        0.8,
        0.8
      ]
    },
    "firstperson_lefthand": {
      "rotation": [
        0,
        123,
        -10
      ],
      "translation": [
        3.5,
        -0.75,
        0
      ],
      "scale": [
        0.8,
        0.8,
        0.8
      ]
    },
    "gui": {
      "rotation": [
        0,
        -180,
        0
      ],
      "translation": [
        0,
        -7,
        0
      ],
      "scale": [
        0.9,
        0.9,
        0.9
      ]
    },
    "head": {
      "translation": [
        0,
        7,
        0
      ]
    },
    "fixed": {
      "translation": [
        0,
        -8,
        0
      ]
    }
  }
}