{
  "required": true,
  "minVersion": "0.8",
  "package": "com/deathgod/wgfw/TeleportSystem/mixin",
  "compatibilityLevel": "JAVA_17",
  "refmap": "wgfw.refmap.json",
  "mixins": [
    "BlockMixin",
    "DamageSourceAccessor",
    "MinecraftServerAccessor",
    "MinecraftServerMixin",
    "SlotAccessor",
    "JigsawPlacementMixin",
    "StructureTemplatePoolAccessor"],
  "client": [
    "AbstractContainerScreenAccessor",
    "CheckboxAccessor",
    "ImageButtonAccessor",
    "KeyMappingAccessor",
    "ModelLayersAccessor",
    "MouseHandlerAccessor",
    "ScreenAccessor"
  ],
  "injectors": {
    "defaultRequire": 1
  }
}