{
  "variants": {
    "facing=north": {
      "model": "wgfw:block/alien/glass_brown"
    },
    "facing=east": {
      "model": "wgfw:block/alien/glass_brown",
      "y" : 90
    },
    "facing=south": {
      "model": "wgfw:block/alien/glass_brown",
      "y" : 180
    },
    "facing=west": {
      "model": "wgfw:block/alien/glass_brown",
      "y" : 270
    },
    "facing=up": {
      "model": "wgfw:block/alien/glass_brown",
      "x" : 270
    },
    "facing=down": {

      "model": "wgfw:block/alien/glass_brown",
      "x" : 90
    }
  }
}