{
  "variants": {
    "facing=north": {
      "y": 0,
      "model": "wgfw:block/wgf/glass_wgf_head.geo.json"
    },
    "facing=south": {
      "y": 180,
      "model": "wgfw:block/wgf/glass_wgf_head.geo.json"
    },
    "facing=east": {
      "y": 90,
      "model": "wgfw:block/wgf/glass_wgf_head.geo.json"
    },
    "facing=west": {
      "y": 270,
      "model": "wgfw:block/wgf/glass_wgf_head.geo.json"
    },
    "facing=up": {
      "y": 0,
      "model": "wgfw:block/wgf/glass_wgf_head.geo.json"
    },
    "facing=down": {
      "y": 0,
      "model": "wgfw:block/wgf/glass_wgf_head.geo.json"
    }
  }
}