{
	"credit": "Made with Blockbench",
	"texture_size": [64, 64],
	"elements": [
		{
			"name": "Head",
			"from": [6.39924, 7.5, 6.1095],
			"to": [9.59924, 10.7, 9.3095],
			"rotation": {"angle": 0, "axis": "y", "origin": [7.8, -2.7, 7.8]},
			"faces": {
				"north": {"uv": [2, 2, 4, 4], "texture": "#0"},
				"east": {"uv": [0, 2, 2, 4], "texture": "#0"},
				"south": {"uv": [6, 2, 8, 4], "texture": "#0"},
				"west": {"uv": [4, 2, 6, 4], "texture": "#0"},
				"up": {"uv": [4, 2, 2, 0], "texture": "#0"},
				"down": {"uv": [6, 0, 4, 2], "texture": "#0"}
			}
		},
		{
			"name": "Hat Layer",
			"from": [6.19924, 7.1, 5.9095],
			"to": [9.79924, 10.7, 9.5095],
			"rotation": {"angle": 0, "axis": "y", "origin": [7.8, -2.7, 7.8]},
			"faces": {
				"north": {"uv": [10, 2, 12, 4], "texture": "#0"},
				"east": {"uv": [8, 2, 10, 4], "texture": "#0"},
				"south": {"uv": [14, 2, 16, 4], "texture": "#0"},
				"west": {"uv": [12, 2, 14, 4], "texture": "#0"},
				"up": {"uv": [12, 2, 10, 0], "texture": "#0"},
				"down": {"uv": [14, 0, 12, 2], "texture": "#0"}
			}
		},
		{
			"name": "Body",
			"from": [6.4, 2.8, 7],
			"to": [9.6, 7.6, 8.6],
			"rotation": {"angle": 0, "axis": "y", "origin": [8, -2, 7.8]},
			"faces": {
				"north": {"uv": [5, 5, 7, 8], "texture": "#0"},
				"east": {"uv": [4, 5, 5, 8], "texture": "#0"},
				"south": {"uv": [8, 5, 10, 8], "texture": "#0"},
				"west": {"uv": [7, 5, 8, 8], "texture": "#0"},
				"up": {"uv": [7, 5, 5, 4], "texture": "#0"},
				"down": {"uv": [9, 4, 7, 5], "texture": "#0"}
			}
		},
		{
			"name": "Right Arm",
			"from": [9.6, 2.18936, 10.47845],
			"to": [11.2, 6.98936, 12.07845],
			"rotation": {"angle": -22.5, "axis": "x", "origin": [7.8, -2.7, 7.8]},
			"faces": {
				"north": {"uv": [11, 5, 12, 8], "texture": "#0"},
				"east": {"uv": [10, 5, 11, 8], "texture": "#0"},
				"south": {"uv": [13, 5, 14, 8], "texture": "#0"},
				"west": {"uv": [12, 5, 13, 8], "texture": "#0"},
				"up": {"uv": [12, 5, 11, 4], "texture": "#0"},
				"down": {"uv": [13, 4, 12, 5], "texture": "#0"}
			}
		},
		{
			"name": "Left Arm",
			"from": [4.8, 2.37012, 3.73328],
			"to": [6.4, 7.17012, 5.33328],
			"rotation": {"angle": 22.5, "axis": "x", "origin": [7.8, -2.7, 7.8]},
			"faces": {
				"north": {"uv": [9, 13, 10, 16], "texture": "#0"},
				"east": {"uv": [8, 13, 9, 16], "texture": "#0"},
				"south": {"uv": [11, 13, 12, 16], "texture": "#0"},
				"west": {"uv": [10, 13, 11, 16], "texture": "#0"},
				"up": {"uv": [10, 13, 9, 12], "texture": "#0"},
				"down": {"uv": [11, 12, 10, 13], "texture": "#0"}
			}
		},
		{
			"name": "Right Leg",
			"from": [6.45372, -1.94094, 7.03428],
			"to": [8.05372, 2.85906, 8.63428],
			"rotation": {"angle": 0, "axis": "y", "origin": [7.8, -2.7, 7.8]},
			"faces": {
				"north": {"uv": [1, 5, 2, 8], "texture": "#0"},
				"east": {"uv": [0, 5, 1, 8], "texture": "#0"},
				"south": {"uv": [3, 5, 4, 8], "texture": "#0"},
				"west": {"uv": [2, 5, 3, 8], "texture": "#0"},
				"up": {"uv": [2, 5, 1, 4], "texture": "#0"},
				"down": {"uv": [3, 4, 2, 5], "texture": "#0"}
			}
		},
		{
			"name": "Left Leg",
			"from": [8.04628, -1.91616, 6.98492],
			"to": [9.64628, 2.88384, 8.58492],
			"rotation": {"angle": 0, "axis": "y", "origin": [7.8, -2.7, 7.8]},
			"faces": {
				"north": {"uv": [5, 13, 6, 16], "texture": "#0"},
				"east": {"uv": [4, 13, 5, 16], "texture": "#0"},
				"south": {"uv": [7, 13, 8, 16], "texture": "#0"},
				"west": {"uv": [6, 13, 7, 16], "texture": "#0"},
				"up": {"uv": [6, 13, 5, 12], "texture": "#0"},
				"down": {"uv": [7, 12, 6, 13], "texture": "#0"}
			}
		}
	],
	"groups": [
		{
			"name": "Head",
			"origin": [0, 24, 0],
			"children": [0, 1]
		},
		{
			"name": "Body",
			"origin": [0, 24, 0],
			"children": [2]
		},
		{
			"name": "RightArm",
			"origin": [5, 22, 0],
			"children": [3]
		},
		{
			"name": "LeftArm",
			"origin": [-5, 22, 0],
			"children": [4]
		},
		{
			"name": "RightLeg",
			"origin": [1.9, 12, 0],
			"children": [5]
		},
		{
			"name": "LeftLeg",
			"origin": [-1.9, 12, 0],
			"children": [6]
		}
	]
}