{
	"format_version": "1.12.0",
	"minecraft:geometry": [
		{
			"description": {
				"identifier": "geometry.unknown",
				"texture_width": 2252,
				"texture_height": 1600,
				"visible_bounds_width": 2,
				"visible_bounds_height": 2.5,
				"visible_bounds_offset": [0, 0.75, 0]
			},
			"bones": [
				{
					"name": "bb_main",
					"pivot": [0, 0, 0],
					"cubes": [
						{
							"origin": [-4, 0, 0],
							"size": [8, 16, 0.1],
							"uv": {
								"north": {"uv": [1152.25, 37.25], "uv_size": [1078.5, 1498.5]},
								"east": {"uv": [1.25, 0.25], "uv_size": [0.5, 0.5]},
								"south": {"uv": [38.25, 29.25], "uv_size": [1047.5, 1498.5]},
								"west": {"uv": [3.25, 0.25], "uv_size": [0.5, 0.5]},
								"up": {"uv": [4.75, 0.75], "uv_size": [-0.5, -0.5]},
								"down": {"uv": [5.75, 0.75], "uv_size": [-0.5, -0.5]}
							}
						}
					]
				}
			]
		}
	]
}