{
	"credit": "Made with Blockbench",
	"elements": [
		{
			"from": [0, 0, 0],
			"to": [16, 16, 16],
			"faces": {
				"north": {"uv": [0, 0, 8, 8], "texture": "#2", "cullface": "north"},
				"east": {"uv": [0, 0, 8, 8], "texture": "#2", "cullface": "north"},
				"south": {"uv": [8, 8, 16, 16], "texture": "#2", "cullface": "north"},
				"west": {"uv": [0, 0, 8, 8], "texture": "#2", "cullface": "north"},
				"up": {"uv": [0, 0, 8, 8], "texture": "#2", "cullface": "north"},
				"down": {"uv": [0, 0, 8, 8], "texture": "#2", "cullface": "north"}
			}
		}
	]
}