{
	"credit": "Made with Blockbench",
	"elements": [
		{
			"from": [0, 0, 0],
			"to": [16, 1, 16],
			"rotation": {"angle": -45, "axis": "x", "origin": [0, 0, 0]},
			"faces": {
				"north": {"uv": [1.623, -0.44728, 7.61661, 16.0639], "texture": "#0"},
				"east": {"uv": [1.623, -0.44728, 7.61661, 16.0639], "texture": "#0"},
				"south": {"uv": [1.623, -0.44728, 7.61661, 16.0639], "texture": "#0"},
				"west": {"uv": [1.623, -0.44728, 7.61661, 16.0639], "texture": "#0"},
				"up": {"uv": [0.29393, 8, 8.51118, 16.0639], "texture": "#0"},
				"down": {"uv": [0.29393, 8, 8.51118, 16.0639], "texture": "#0"}
			}
		}
	]
}