{
	"format_version": "1.12.0",
	"minecraft:geometry": [
		{
			"description": {
				"identifier": "geometry.scp096",
				"texture_width": 128,
				"texture_height": 128,
				"visible_bounds_width": 2,
				"visible_bounds_height": 4,
				"visible_bounds_offset": [0, 2, 0]
			},
			"bones": [
				{
					"name": "body",
					"pivot": [0.5, 20, 0.5],
					"cubes": [
						{"origin": [-4, 20, -1], "size": [9, 2, 4], "inflate": 0.3, "uv": [24, 17]}
					]
				},
				{
					"name": "body2",
					"parent": "body",
					"pivot": [0.5, 23, 0.5],
					"cubes": [
						{"origin": [-1, 22, -1], "size": [3, 7, 4], "uv": [38, 45]},
						{"origin": [0, 22, 3], "size": [1, 7, 1], "uv": [52, 99]},
						{"origin": [0.89855, 25.22646, 6], "size": [4, 4, 1], "pivot": [0.5, 25.5, 3.5], "rotation": [90, 10, 0], "uv": [62, 85]},
						{"origin": [-3.95032, 25.22003, 6], "size": [4, 4, 1], "pivot": [0.5, 25.5, 3.5], "rotation": [90, -10, 0], "uv": [52, 85]},
						{"origin": [-3.95032, 25.22003, 4], "size": [4, 4, 1], "pivot": [0.5, 25.5, 3.5], "rotation": [90, -10, 0], "uv": [42, 85]},
						{"origin": [-1.96768, 25.31852, 2], "size": [2, 4, 1], "pivot": [0.5, 25.5, 3.5], "rotation": [90, -10, 0], "uv": [6, 107]},
						{"origin": [0.99703, 25.2091, 4], "size": [4, 4, 1], "pivot": [0.5, 25.5, 3.5], "rotation": [90, 10, 0], "uv": [32, 85]},
						{"origin": [0.99703, 25.2091, 2], "size": [2, 4, 1], "pivot": [0.5, 25.5, 3.5], "rotation": [90, 10, 0], "uv": [0, 107]}
					]
				},
				{
					"name": "body3",
					"parent": "body2",
					"pivot": [0.5, 29, 0.5],
					"cubes": [
						{"origin": [-5, 29, -2], "size": [11, 10, 6], "uv": [36, 0]},
						{"origin": [0, 28.98264, 2.90152], "size": [1, 10, 2], "pivot": [0.5, 34, 4.5], "rotation": [-10, 0, 0], "uv": [0, 73]},
						{"origin": [4, 32.98264, 2.60152], "size": [1, 2, 2], "pivot": [0.5, 34, 4.5], "rotation": [0, 0, -90], "uv": [40, 112]},
						{"origin": [2, 31.98264, 2.60152], "size": [1, 4, 2], "pivot": [0.5, 34, 4.5], "rotation": [0, 0, -90], "uv": [46, 99]},
						{"origin": [0, 30.98264, 2.60152], "size": [1, 6, 2], "pivot": [0.5, 34, 4.5], "rotation": [0, 0, -90], "uv": [10, 91]},
						{"origin": [-0.63397, 34.34866, 2.40152], "size": [1, 5, 2], "pivot": [0.5, 34, 4.5], "rotation": [0, 0, -120], "uv": [30, 99]},
						{"origin": [-0.60727, 28.73706, 2.40152], "size": [1, 5, 2], "pivot": [0.5, 34, 4.5], "rotation": [0, 0, -55], "uv": [24, 99]},
						{"origin": [3.1, 38.15735, 1.70707], "size": [3, 2, 4], "pivot": [4.5, 39.5, 2.5], "rotation": [-40, 0, 0], "uv": [14, 66]},
						{"origin": [2.9, 41.43674, 4.1555], "size": [3, 2, 4], "pivot": [4.5, 40.07753, 2.02007], "rotation": [-90, 0, 0], "uv": [0, 66]},
						{"origin": [-4.9, 41.43674, 4.1555], "size": [3, 2, 4], "pivot": [4.5, 40.07753, 2.02007], "rotation": [-90, 0, 0], "uv": [70, 58]},
						{"origin": [-2.89208, 34.96602, 2.37929], "size": [1, 1.9, 4], "pivot": [-2.39208, 35.96602, 4.37929], "rotation": [-90, 0, -25], "uv": [22, 85]},
						{"origin": [2.9728, 34.92838, 2.33952], "size": [1, 2, 4], "pivot": [3.4728, 35.92838, 4.33952], "rotation": [-90, -5, 25], "uv": [0, 85]},
						{"origin": [4.19291, 34.88388, 3.5926], "size": [1, 1, 5], "pivot": [4.69291, 39.17035, 2.46701], "rotation": [-105, 0, 65], "uv": [64, 66]},
						{"origin": [0.50618, 32.99721, -3.56135], "size": [1, 1, 5], "pivot": [4.49315, 39.20057, 2.46701], "rotation": [-105, 0, -65], "uv": [52, 66]},
						{"origin": [-5.1, 38.15735, 1.70707], "size": [3, 2, 4], "pivot": [4.5, 39.5, 2.5], "rotation": [-40, 0, 0], "uv": [56, 58]},
						{"origin": [0, 32, -3], "size": [1, 6, 1], "uv": [56, 99]}
					]
				},
				{
					"name": "body24",
					"parent": "body3",
					"pivot": [1, 35.5, -2.5],
					"rotation": [0, 15, 30],
					"cubes": [
						{"origin": [1, 35, -3], "size": [3, 1, 1], "uv": [32, 114]}
					]
				},
				{
					"name": "body25",
					"parent": "body24",
					"pivot": [4, 35.5, -2.5],
					"rotation": [0, -60, 0],
					"cubes": [
						{"origin": [4, 35, -3], "size": [3, 1, 1], "uv": [32, 112]}
					]
				},
				{
					"name": "body4",
					"parent": "body3",
					"pivot": [1, 34.5, -2.5],
					"rotation": [0, 15, 30],
					"cubes": [
						{"origin": [1, 34, -3], "size": [3, 1, 1], "uv": [24, 114]}
					]
				},
				{
					"name": "body5",
					"parent": "body4",
					"pivot": [4, 34.5, -2.5],
					"rotation": [0, -60, 0],
					"cubes": [
						{"origin": [4, 34, -3], "size": [3, 1, 1], "uv": [24, 112]}
					]
				},
				{
					"name": "body6",
					"parent": "body3",
					"pivot": [1, 32.5, -2.5],
					"rotation": [0, 15, 35],
					"cubes": [
						{"origin": [1, 32, -3], "size": [3, 1, 1], "uv": [16, 114]}
					]
				},
				{
					"name": "body7",
					"parent": "body6",
					"pivot": [4, 32.5, -2.5],
					"rotation": [0, -60, 0],
					"cubes": [
						{"origin": [4, 32, -3], "size": [3, 1, 1], "uv": [16, 112]}
					]
				},
				{
					"name": "body8",
					"parent": "body3",
					"pivot": [1, 33.5, -2.5],
					"rotation": [0, 15, 30],
					"cubes": [
						{"origin": [1, 33, -3], "size": [3, 1, 1], "uv": [8, 114]}
					]
				},
				{
					"name": "body9",
					"parent": "body8",
					"pivot": [4, 33.5, -2.5],
					"rotation": [0, -60, 0],
					"cubes": [
						{"origin": [4, 33, -3], "size": [3, 1, 1], "uv": [8, 112]}
					]
				},
				{
					"name": "body26",
					"parent": "body3",
					"pivot": [0, 35.5, -2.5],
					"rotation": [0, -15, -20],
					"cubes": [
						{"origin": [-3, 35, -3], "size": [3, 1, 1], "uv": [0, 114]}
					]
				},
				{
					"name": "body27",
					"parent": "body26",
					"pivot": [-3, 35.5, -2.5],
					"rotation": [0, 60, 0],
					"cubes": [
						{"origin": [-6, 35, -3], "size": [3, 1, 1], "uv": [0, 112]}
					]
				},
				{
					"name": "body10",
					"parent": "body3",
					"pivot": [0, 34.5, -2.5],
					"rotation": [0, -15, -25],
					"cubes": [
						{"origin": [-3, 34, -3], "size": [3, 1, 1], "uv": [52, 109]}
					]
				},
				{
					"name": "body11",
					"parent": "body10",
					"pivot": [-3, 34.5, -2.5],
					"rotation": [0, 60, 0],
					"cubes": [
						{"origin": [-6, 34, -3], "size": [3, 1, 1], "uv": [52, 107]}
					]
				},
				{
					"name": "body12",
					"parent": "body3",
					"pivot": [0, 33.5, -2.5],
					"rotation": [0, -15, -30],
					"cubes": [
						{"origin": [-3, 33, -3], "size": [3, 1, 1], "uv": [44, 109]}
					]
				},
				{
					"name": "body13",
					"parent": "body12",
					"pivot": [-3, 33.5, -2.5],
					"rotation": [0, 60, 0],
					"cubes": [
						{"origin": [-6, 33, -3], "size": [3, 1, 1], "uv": [44, 107]}
					]
				},
				{
					"name": "body14",
					"parent": "body3",
					"pivot": [0, 32.5, -2.5],
					"rotation": [0, -15, -35],
					"cubes": [
						{"origin": [-3, 32, -3], "size": [3, 1, 1], "uv": [36, 109]}
					]
				},
				{
					"name": "body15",
					"parent": "body14",
					"pivot": [-3, 32.5, -2.5],
					"rotation": [0, 60, 0],
					"cubes": [
						{"origin": [-6, 32, -3], "size": [3, 1, 1], "uv": [36, 107]}
					]
				},
				{
					"name": "rightarm",
					"parent": "body3",
					"pivot": [-6, 38, 0],
					"cubes": [
						{"origin": [-8, 30, -1], "size": [3, 5, 3], "uv": [44, 58]},
						{"origin": [-8, 35, -1], "size": [3, 4, 3], "inflate": 0.3, "uv": [40, 66]},
						{"origin": [-8, 28, -1], "size": [3, 2, 3], "uv": [18, 80]}
					]
				},
				{
					"name": "rightarm2",
					"parent": "rightarm",
					"pivot": [-6.5, 27.5, 0.5],
					"cubes": [
						{"origin": [-8, 19, -1], "size": [3, 10, 3], "inflate": 0.001, "uv": [26, 45]}
					]
				},
				{
					"name": "rightarm3",
					"parent": "rightarm2",
					"pivot": [-6.5, 19, 0.4],
					"cubes": [
						{"origin": [-7, 16, -1.6], "size": [1, 3, 4], "uv": [18, 73]}
					]
				},
				{
					"name": "rightarm4",
					"parent": "rightarm3",
					"pivot": [-6.5, 16, 1.9],
					"cubes": [
						{"origin": [-7, 13, 1.4], "size": [1, 3, 1], "uv": [32, 124]}
					]
				},
				{
					"name": "rightarm5",
					"parent": "rightarm4",
					"pivot": [-6.5, 13.5, 1.9],
					"cubes": [
						{"origin": [-7, 11, 1.4], "size": [1, 3, 1], "inflate": 0.001, "uv": [28, 124]},
						{"origin": [-7.3, 8.5, 1.1], "size": [1.6, 3, 1.6], "inflate": -0.5, "uv": [24, 124]}
					]
				},
				{
					"name": "rightarm6",
					"parent": "rightarm3",
					"pivot": [-6.5, 16, 0.9],
					"cubes": [
						{"origin": [-7, 13, 0.4], "size": [1, 3, 1], "uv": [20, 124]}
					]
				},
				{
					"name": "rightarm7",
					"parent": "rightarm6",
					"pivot": [-6.5, 13.5, 0.9],
					"cubes": [
						{"origin": [-7, 11, 0.4], "size": [1, 3, 1], "inflate": 0.001, "uv": [16, 124]},
						{"origin": [-7.3, 8.5, 0.1], "size": [1.6, 3, 1.6], "inflate": -0.5, "uv": [12, 124]}
					]
				},
				{
					"name": "rightarm8",
					"parent": "rightarm3",
					"pivot": [-6.5, 16, -0.1],
					"cubes": [
						{"origin": [-7, 13, -0.6], "size": [1, 3, 1], "uv": [8, 124]}
					]
				},
				{
					"name": "rightarm9",
					"parent": "rightarm8",
					"pivot": [-6.5, 13.5, -0.1],
					"cubes": [
						{"origin": [-7, 11, -0.6], "size": [1, 3, 1], "inflate": 0.001, "uv": [4, 124]},
						{"origin": [-7.3, 8.5, -0.9], "size": [1.6, 3, 1.6], "inflate": -0.5, "uv": [0, 124]}
					]
				},
				{
					"name": "rightarm10",
					"parent": "rightarm3",
					"pivot": [-6.5, 16, -1.1],
					"cubes": [
						{"origin": [-7, 13, -1.6], "size": [1, 3, 1], "uv": [56, 120]}
					]
				},
				{
					"name": "rightarm11",
					"parent": "rightarm10",
					"pivot": [-6.5, 13.5, -1.1],
					"cubes": [
						{"origin": [-7, 11, -1.6], "size": [1, 3, 1], "inflate": 0.001, "uv": [52, 120]},
						{"origin": [-7.3, 8.5, -1.9], "size": [1.6, 3, 1.6], "inflate": -0.5, "uv": [48, 120]}
					]
				},
				{
					"name": "rightarm12",
					"parent": "rightarm3",
					"pivot": [-6.5, 18, -1.6],
					"cubes": [
						{"origin": [-7, 15, -2.6], "size": [1, 3, 1], "uv": [44, 120]}
					]
				},
				{
					"name": "rightarm13",
					"parent": "rightarm12",
					"pivot": [-6.5, 15.5, -2.1],
					"cubes": [
						{"origin": [-7, 13, -2.6], "size": [1, 3, 1], "inflate": 0.001, "uv": [40, 120]},
						{"origin": [-7.3, 10.5, -2.9], "size": [1.6, 3, 1.6], "inflate": -0.5, "uv": [36, 120]}
					]
				},
				{
					"name": "leftarm",
					"parent": "body3",
					"pivot": [7, 38, 0],
					"cubes": [
						{"origin": [6, 30, -1], "size": [3, 5, 3], "uv": [32, 58]},
						{"origin": [6, 35, -1], "size": [3, 4, 3], "inflate": 0.3, "uv": [28, 66]},
						{"origin": [6, 28, -1], "size": [3, 2, 3], "uv": [6, 80]}
					]
				},
				{
					"name": "leftarm2",
					"parent": "leftarm",
					"pivot": [7.5, 27.5, 0.5],
					"cubes": [
						{"origin": [6, 19, -1], "size": [3, 10, 3], "inflate": 0.001, "uv": [14, 45]}
					]
				},
				{
					"name": "leftarm3",
					"parent": "leftarm2",
					"pivot": [7.5, 19, 0.4],
					"cubes": [
						{"origin": [7, 16, -1.6], "size": [1, 3, 4], "uv": [6, 73]}
					]
				},
				{
					"name": "leftarm4",
					"parent": "leftarm3",
					"pivot": [7.5, 16, 1.9],
					"cubes": [
						{"origin": [7, 13, 1.4], "size": [1, 3, 1], "uv": [32, 120]}
					]
				},
				{
					"name": "leftarm5",
					"parent": "leftarm4",
					"pivot": [7.5, 13.5, 1.9],
					"cubes": [
						{"origin": [7, 11, 1.4], "size": [1, 3, 1], "inflate": 0.001, "uv": [28, 120]},
						{"origin": [6.7, 8.5, 1.1], "size": [1.6, 3, 1.6], "inflate": -0.5, "uv": [24, 120]}
					]
				},
				{
					"name": "leftarm6",
					"parent": "leftarm3",
					"pivot": [7.5, 16, 0.9],
					"cubes": [
						{"origin": [7, 13, 0.4], "size": [1, 3, 1], "uv": [20, 120]}
					]
				},
				{
					"name": "leftarm7",
					"parent": "leftarm6",
					"pivot": [7.5, 13.5, 0.9],
					"cubes": [
						{"origin": [7, 11, 0.4], "size": [1, 3, 1], "inflate": 0.001, "uv": [16, 120]},
						{"origin": [6.7, 8.5, 0.1], "size": [1.6, 3, 1.6], "inflate": -0.5, "uv": [12, 120]}
					]
				},
				{
					"name": "leftarm8",
					"parent": "leftarm3",
					"pivot": [7.5, 16, -0.1],
					"cubes": [
						{"origin": [7, 13, -0.6], "size": [1, 3, 1], "uv": [8, 120]}
					]
				},
				{
					"name": "leftarm9",
					"parent": "leftarm8",
					"pivot": [7.5, 13.5, -0.1],
					"cubes": [
						{"origin": [7, 11, -0.6], "size": [1, 3, 1], "inflate": 0.001, "uv": [4, 120]},
						{"origin": [6.7, 8.5, -0.9], "size": [1.6, 3, 1.6], "inflate": -0.5, "uv": [0, 120]}
					]
				},
				{
					"name": "leftarm10",
					"parent": "leftarm3",
					"pivot": [7.5, 16, -1.1],
					"cubes": [
						{"origin": [7, 13, -1.6], "size": [1, 3, 1], "uv": [68, 116]}
					]
				},
				{
					"name": "leftarm11",
					"parent": "leftarm10",
					"pivot": [7.5, 13.5, -1.1],
					"cubes": [
						{"origin": [7, 11, -1.6], "size": [1, 3, 1], "inflate": 0.001, "uv": [64, 116]},
						{"origin": [6.7, 8.5, -1.9], "size": [1.6, 3, 1.6], "inflate": -0.5, "uv": [60, 116]}
					]
				},
				{
					"name": "leftarm12",
					"parent": "leftarm3",
					"pivot": [7.5, 18, -1.6],
					"cubes": [
						{"origin": [7, 15, -2.6], "size": [1, 3, 1], "uv": [56, 116]}
					]
				},
				{
					"name": "leftarm13",
					"parent": "leftarm12",
					"pivot": [7.5, 15.5, -2.1],
					"cubes": [
						{"origin": [7, 13, -2.6], "size": [1, 3, 1], "inflate": 0.001, "uv": [52, 116]},
						{"origin": [6.7, 10.5, -2.9], "size": [1.6, 3, 1.6], "inflate": -0.5, "uv": [48, 116]}
					]
				},
				{
					"name": "neck",
					"parent": "body3",
					"pivot": [0.5, 39, 0.5],
					"cubes": [
						{"origin": [-2, 39, -1], "size": [5, 6, 4], "uv": [32, 31]},
						{"origin": [-2, 45, -1], "size": [5, 1, 4], "uv": [52, 45]}
					]
				},
				{
					"name": "head",
					"parent": "neck",
					"pivot": [0.6, 45.7, 0.6],
					"cubes": [
						{"origin": [-1.6, 43, -1.5], "size": [4, 3, 1], "inflate": 0.1, "uv": [0, 91]},
						{"origin": [-3.6, 46, -5.5], "size": [8, 7, 10], "inflate": 0.1, "uv": [0, 0]},
						{"origin": [-3.4, 53, -5.3], "size": [7.6, 1, 9.6], "inflate": 0.1, "uv": [70, 0]},
						{"origin": [3.4, 48, -2.5], "size": [2, 3, 3], "inflate": -0.5, "uv": [30, 79]},
						{"origin": [-4.6, 48, -2.5], "size": [2, 3, 3], "inflate": -0.5, "uv": [30, 73]},
						{"origin": [1.8, 44.5, -6], "size": [1.5, 1.9, 2], "inflate": -0.5, "uv": [42, 116]},
						{"origin": [0.8, 44.5, -6], "size": [1.5, 1.9, 2], "inflate": -0.5, "uv": [42, 116]},
						{"origin": [-0.2, 44.5, -6], "size": [1.5, 1.9, 2], "inflate": -0.5, "uv": [42, 116]},
						{"origin": [-1.2, 44.5, -6], "size": [1.5, 1.9, 2], "inflate": -0.5, "uv": [42, 116]},
						{"origin": [-2.2, 44.5, -6], "size": [1.5, 1.9, 2], "inflate": -0.5, "uv": [42, 116]},
						{"origin": [-3, 44.5, -6], "size": [1.5, 1.9, 2], "inflate": -0.5, "uv": [42, 116]}
					]
				},
				{
					"name": "jaw",
					"parent": "head",
					"pivot": [-0.1, 45, -1],
					"cubes": [
						{"origin": [-2.6, 43, -5.5], "size": [6, 3, 6], "inflate": 0.001, "uv": [0, 17]},
						{"origin": [2.5, 45.5, -5.9], "size": [1.4, 2, 2], "inflate": -0.5, "uv": [18, 107]},
						{"origin": [-3.1, 45.5, -5.9], "size": [1.4, 2, 2], "inflate": -0.5, "uv": [18, 107]},
						{"origin": [2.5, 45.5, -4], "size": [1.4, 2, 2], "inflate": -0.5, "uv": [18, 107]},
						{"origin": [-3.1, 45.5, -4], "size": [1.4, 2, 2], "inflate": -0.5, "uv": [18, 107]},
						{"origin": [0.9, 45.5, -5.9], "size": [2, 2, 1.5], "inflate": -0.5, "uv": [46, 112]},
						{"origin": [-0.6, 45.5, -5.9], "size": [2, 2, 1.5], "inflate": -0.5, "uv": [46, 112]},
						{"origin": [-2.1, 45.5, -5.9], "size": [2, 2, 1.5], "inflate": -0.5, "uv": [46, 112]}
					]
				},
				{
					"name": "nose",
					"parent": "head",
					"pivot": [0.3, 47.2, -6.2],
					"rotation": [-25, 0, 0],
					"cubes": [
						{"origin": [-0.1, 47.2, -6.2], "size": [1, 2, 1], "uv": [36, 124]}
					]
				},
				{
					"name": "body28",
					"parent": "body2",
					"pivot": [4, 22.5, 1],
					"rotation": [0, 0, -5],
					"cubes": [
						{"origin": [2, 22, -1], "size": [3, 8, 4], "inflate": 0.001, "uv": [0, 45]}
					]
				},
				{
					"name": "body29",
					"parent": "body2",
					"pivot": [-3, 22.5, 1],
					"rotation": [0, 0, 5],
					"cubes": [
						{"origin": [-4, 22, -1], "size": [3, 8, 4], "inflate": 0.001, "uv": [50, 31]}
					]
				},
				{
					"name": "rightleg",
					"pivot": [-1.6, 20, 0.5],
					"cubes": [
						{"origin": [-4.1, 10, -1], "size": [4, 10, 4], "uv": [16, 31]}
					]
				},
				{
					"name": "rightleg2",
					"parent": "rightleg",
					"pivot": [-1.6, 11, 0.5],
					"cubes": [
						{"origin": [-4.1, 2, -1], "size": [4, 10, 4], "inflate": 0.001, "uv": [0, 31]}
					]
				},
				{
					"name": "rightleg3",
					"parent": "rightleg2",
					"pivot": [-1.6, 2, 1.5],
					"cubes": [
						{"origin": [-4.1, 0, -1], "size": [4, 2, 4], "uv": [16, 58]},
						{"origin": [-4.1, 0, -3], "size": [4, 1, 2], "uv": [10, 88]},
						{"origin": [-4.1, 1, -2], "size": [4, 1, 1], "uv": [36, 101]},
						{"origin": [-4.6, -0.5, -5.5], "size": [1.6, 2, 3], "inflate": -0.5, "uv": [16, 99]},
						{"origin": [-3.6, -0.5, -5.5], "size": [1.6, 2, 3], "inflate": -0.5, "uv": [8, 99]},
						{"origin": [-2.6, -0.5, -5.5], "size": [1.6, 2, 3], "inflate": -0.5, "uv": [0, 99]},
						{"origin": [-1.6, -0.5, -5.5], "size": [1.6, 2, 3], "inflate": -0.5, "uv": [64, 91]},
						{"origin": [-0.6, -0.5, -4.5], "size": [1.6, 2, 3], "inflate": -0.5, "uv": [56, 91]}
					]
				},
				{
					"name": "leftleg",
					"pivot": [3.6, 20, 0.5],
					"cubes": [
						{"origin": [1.1, 10, -1], "size": [4, 10, 4], "uv": [66, 17]}
					]
				},
				{
					"name": "leftleg2",
					"parent": "leftleg",
					"pivot": [3.6, 11, 0.5],
					"cubes": [
						{"origin": [1.1, 2, -1], "size": [4, 10, 4], "inflate": 0.001, "uv": [50, 17]}
					]
				},
				{
					"name": "leftleg3",
					"parent": "leftleg2",
					"pivot": [3.6, 2, 1.5],
					"cubes": [
						{"origin": [1.1, 0, -1], "size": [4, 2, 4], "uv": [0, 58]},
						{"origin": [1.1, 0, -3], "size": [4, 1, 2], "uv": [10, 85]},
						{"origin": [1.1, 1, -2], "size": [4, 1, 1], "uv": [36, 99]},
						{"origin": [4, -0.5, -5.5], "size": [1.6, 2, 3], "inflate": -0.5, "uv": [48, 91]},
						{"origin": [3, -0.5, -5.5], "size": [1.6, 2, 3], "inflate": -0.5, "uv": [40, 91]},
						{"origin": [2, -0.5, -5.5], "size": [1.6, 2, 3], "inflate": -0.5, "uv": [32, 91]},
						{"origin": [1, -0.5, -5.5], "size": [1.6, 2, 3], "inflate": -0.5, "uv": [24, 91]},
						{"origin": [0, -0.5, -4.5], "size": [1.6, 2, 3], "inflate": -0.5, "uv": [16, 91]}
					]
				}
			]
		}
	]
}