{
	"format_version": "1.8.0",
	"animations": {
		"animation.scp106.attacking": {
			"animation_length": 1,
			"bones": {
				"rightArm": {
					"rotation": {
						"0.0": [0, 0, 0],
						"0.3667": [0, 0, 50],
						"0.6833": [-95, 0, 50],
						"0.9167": [0, 0, 0]
					}
				},
				"rightArm2": {
					"rotation": {
						"0.0": [0, 0, 0],
						"0.3667": [-55, 0, 0],
						"0.9167": [0, 0, 0]
					}
				},
				"body": {
					"rotation": {
						"0.0": [0, 0, 0],
						"0.3667": [-15, 0, 0],
						"0.6833": [15, 0, 0],
						"0.9167": [0, 0, 0]
					}
				},
				"leftArm": {
					"rotation": {
						"0.0": [0, 0, 0],
						"0.3667": [0, 0, -55],
						"0.6833": [-85, 0, -55],
						"0.9167": [0, 0, 0]
					}
				},
				"leftArm2": {
					"rotation": {
						"0.0": [0, 0, 0],
						"0.3667": [-55, 0, 0],
						"0.9167": [0, 0, 0]
					}
				},
				"head": {
					"rotation": {
						"0.0": [0, 0, 0],
						"0.3667": [15, 0, 0],
						"0.6833": [-15, 0, 0],
						"0.9167": [0, 0, 0]
					}
				},
				"rightLeg": {
					"rotation": {
						"0.0": [0, 0, 0],
						"0.9167": [0, 0, 0]
					}
				},
				"rightLeg2": {
					"rotation": {
						"0.0": [0, 0, 0],
						"0.3667": [30, 0, 0],
						"0.9167": [0, 0, 0]
					}
				},
				"leftLeg": {
					"rotation": {
						"0.0": [0, 0, 0],
						"0.3667": [-30, 0, 0],
						"0.9167": [0, 0, 0]
					}
				},
				"leftLeg2": {
					"rotation": {
						"0.0": [0, 0, 0],
						"0.3667": [25, 0, 0],
						"0.9167": [0, 0, 0]
					}
				}
			}
		},
		"animation.scp106.general": {
			"loop": true,
			"animation_length": 10000,
			"bones": {
				"rightArm": {
					"rotation": {
						"0.0": [0, 0, 0],
						"1.7167": [17.43, 0, 35],
						"2.0": [26.08, 0, 0],
						"2.5167": [11.18, -13, 20.8],
						"3.0": [-50.65, -25, 40],
						"4.3333": [-37.5, 0, 22.18],
						"6.0": [-79.68, -30, 0],
						"7.1167": [-12.07, 0, 30],
						"7.3167": [0, 0, 0],
						"7.5167": ["0+Math.cos(query.life_time * 40) *2.0", 0, "0+Math.cos(query.life_time * 40) *2.0"]
					},
					"position": [0, 0, 0]
				},
				"leftArm": {
					"rotation": {
						"0.0": [0, 0, 0],
						"1.0": [-185, 0, 55],
						"1.7167": [-99.2, 0, 25],
						"2.0": [-45, 0, -60],
						"2.9667": [-85, -10, -20],
						"4.3333": [19.89, 0, -27.89],
						"4.9667": [28.14, 0, -14.6],
						"6.0": [-78.17, -45, 7.57],
						"7.1167": [-11.84, -6.82, -18.85],
						"7.3167": [0, 0, 0],
						"7.5167": ["0+Math.cos(query.life_time * 40) *-2.0", 0, "0+Math.cos(query.life_time * 40) *-2.0"]
					},
					"position": [0, 0, 0]
				},
				"waist": {
					"position": {
						"0.0": [0, -34, 0],
						"1.0": [0, -25, 0],
						"2.0": [0, -15, 0],
						"2.9667": [0, -14, 0],
						"4.0": [0, -7, 0],
						"5.0": [0, -6, 0],
						"6.0": [0, 0, 0],
						"7.8333": [0, 0, 0]
					}
				},
				"body": {
					"rotation": {
						"0.0": [0, 0, 0],
						"1.0": [11.82, 0, -50],
						"1.7167": [20.34, 0, 3.37],
						"2.9667": [35, 0, 0],
						"4.3167": [55, 0, 30],
						"5.0": [64.41, 0, 1.76],
						"6.0": [91.98, 0, 25],
						"6.8": [36.23, 0, 29.85],
						"7.3167": [0, 0, 0],
						"7.5167": [0, 0, 0]
					},
					"position": [0, 0, 0]
				},
				"head": {
					"rotation": {
						"0.0": ["query.target_x_rotation - this", "query.target_y_rotation - this", 0],
						"0.7667": [-79.8, 0, -45],
						"1.0": [-105, 0, -40],
						"2.0": [50, 0, 0],
						"6.0": [18.79, 0, 0],
						"6.7667": [-34.74, 0, 0],
						"6.8333": [-22.33, 0, -45.56],
						"6.9667": [-22.33, 0, -45.56],
						"7.1167": [-12.41, 0, 35],
						"7.3167": [0, 0, 0],
						"7.5167": [0, 0, 0]
					},
					"position": [0, 0, 0]
				},
				"rightArm2": {
					"rotation": {
						"0.0": [0, 0, 0],
						"3.0": [-70, 0, 0],
						"4.3333": [-27.15, 0, 0],
						"6.0": [-19.88, 0, 0],
						"7.1167": [-56.82, 0, 0],
						"7.3167": [0, 0, 0],
						"7.5167": [0, 0, 0]
					},
					"position": [0, 0, 0]
				},
				"leftArm2": {
					"rotation": {
						"0.0": [0, 0, 0],
						"1.7167": [-20.2, 0, 0],
						"2.0": [-65, 0, 0],
						"2.9667": [-20, 0, 0],
						"4.3167": [-53.76, 0, 0],
						"4.9667": [-82.29, 0, 0],
						"6.0": [-17.51, 0, 0],
						"7.1167": [-61.97, 0, 0],
						"7.3167": [0, 0, 0],
						"7.5167": [0, 0, 0]
					},
					"position": [0, 0, 0]
				},
				"rightLeg": {
					"rotation": {
						"0.0": [0, 0, 0],
						"4.0": [-95, 55, 5],
						"5.0": [-85, 45, 5],
						"5.4833": [-51.4, 25.2, 10],
						"6.0": [-20, 0, 5],
						"6.6333": [-26.8, 0, 5.54],
						"7.0833": [2.27, 0, 5.91],
						"7.3167": [0, 0, 0],
						"7.5167": [0, 0, 0]
					},
					"position": [0, 0, 0]
				},
				"rightLeg2": {
					"rotation": {
						"0.0": [0, 0, 0],
						"4.0": [100, 0, 0],
						"5.0": [85, 0, 0],
						"5.4833": [51.4, 10, 0],
						"6.0": [15, 0, 0],
						"6.6333": [20.31, 0, 0],
						"7.0833": [-1.36, 0, 0],
						"7.3167": [0, 0, 0],
						"7.5167": [0, 0, 0]
					},
					"position": [0, 0, 0]
				},
				"leftLeg": {
					"rotation": {
						"0.0": [0, 0, 0],
						"3.8833": [2.16, 0, 0],
						"5.0": [-21, -15, -30],
						"5.4833": [-19.24, -56.12, -50],
						"5.7167": [-32.82, -35.96, -18.85],
						"6.0": [5.5, -12.45, -15],
						"6.8": [-11.91, -3.23, -12.59],
						"7.0833": [-11.25, 0, -5],
						"7.3167": [0, 0, 0]
					},
					"position": [0, 0, 0]
				},
				"leftLeg2": {
					"rotation": {
						"0.0": [0, 0, 0],
						"3.8833": [13.2, 0, 0],
						"5.0": [75, 0, 0],
						"5.4833": [78.6, 0, 0],
						"6.0": [25, 0, 0],
						"6.8": [24.33, 0, 15],
						"7.0833": [24.09, 0, 0],
						"7.3167": [0, 0, 0]
					},
					"position": [0, 0, 0]
				}
			}
		},
		"animation.scp106.dieing": {
			"animation_length": 1000,
			"bones": {
				"waist": {
					"rotation": [0, 0, 0],
					"position": {
						"0.0": [0, 0, 0],
						"5.0": [0, -33, 0]
					}
				},
				"body": {
					"rotation": {
						"0.0": [0, 0, 0],
						"2.0333": [35, 0, 0]
					},
					"position": [0, 0, 0]
				},
				"head": {
					"rotation": {
						"0.0": [0, 0, 0],
						"0.4833": [-50, 0, "0+Math.cos(query.life_time * 500) *-10"],
						"1.4833": [-50, 0, "0+Math.cos(query.life_time * 500) *-10"],
						"2.0333": [30, 0, "0+Math.cos(query.life_time * 500) *-10"]
					},
					"position": [0, 0, 0]
				},
				"rightArm": {
					"rotation": {
						"0.0": [0, 0, 0],
						"0.4833": [0, 60, "90+Math.cos(query.life_time * 500) *10"],
						"1.4833": [0, 60, "90+Math.cos(query.life_time * 500) *10"],
						"2.0333": [0, -5, "10+Math.cos(query.life_time * 500) *10"]
					},
					"position": [0, 0, 0]
				},
				"rightArm2": {
					"rotation": {
						"0.0": [0, 0, 0],
						"0.4833": [-40, 0, 0],
						"1.4833": [-40, 0, 0]
					},
					"position": [0, 0, 0]
				},
				"leftArm": {
					"rotation": {
						"0.0": [0, 0, 0],
						"0.4833": [-25, -55, "-65+Math.cos(query.life_time * 500) *-10"],
						"1.4833": [-25, -55, "-65+Math.cos(query.life_time * 500) *-10"],
						"2.0333": [-25, -5, "-10+Math.cos(query.life_time * 500) *-10"]
					},
					"position": [0, 0, 0]
				},
				"leftArm2": {
					"rotation": {
						"0.0": [0, 0, 0],
						"0.4833": [-65, 0, 0],
						"1.4833": [-65, 0, 0]
					},
					"position": [0, 0, 0]
				},
				"rightLeg": {
					"rotation": [0, 0, 0],
					"position": [0, 0, 0]
				},
				"rightLeg2": {
					"rotation": [0, 0, 0],
					"position": [0, 0, 0]
				},
				"leftLeg": {
					"rotation": [0, 0, 0],
					"position": [0, 0, 0]
				},
				"leftLeg2": {
					"rotation": [0, 0, 0],
					"position": [0, 0, 0]
				}
			}
		},
		"animation.scp106.catching": {
			"animation_length": 10.04,
			"bones": {
				"waist": {
					"position": {
						"0.0": [0, 0, 0],
						"0.5167": [0, 0, 0]
					}
				},
				"body": {
					"rotation": {
						"0.0": [0, 0, 0],
						"0.2833": [80, 0, 0],
						"10.0333": [0, 0, 0],
						"8.5167": [80, 0, 0]
					},
					"position": {
						"0.0": [0, 0, 0],
						"0.2833": [0, -3, 0],
						"10.0333": [0, 0, 0],
						"8.5167": [0, -3, 0]
					}
				},
				"head": {
					"rotation": {
						"0.0": [0, 0, 0],
						"0.2833": [45, 0, 0],
						"1.0": [-65, 0, 0],
						"10.0333": [0, 0, 0],
						"9.2333": [-65, 0, 0]
					}
				},
				"rightArm": {
					"rotation": {
						"0.0": [0, 0, 0],
						"0.2833": [-80, 0, 0],
						"10.0333": [0, 0, 0],
						"8.5167": [-80, 0, 0]
					}
				},
				"rightArm2": {
					"rotation": {
						"0.0": [0, 0, 0],
						"10.0333": [0, 0, 0]
					}
				},
				"leftArm": {
					"rotation": {
						"0.0": [0, 0, 0],
						"10.0333": [0, 0, 0]
					}
				},
				"leftArm2": {
					"rotation": {
						"0.0": [0, 0, 0],
						"0.2833": [-110, 0, 0],
						"10.0333": [0, 0, 0],
						"8.5167": [-110, 0, 0]
					}
				},
				"rightLeg": {
					"rotation": {
						"0.0": [0, 0, 0],
						"0.2833": [-60, 0, 0],
						"10.0333": [0, 0, 0],
						"8.5167": [-60, 0, 0]
					},
					"position": {
						"0.0": [0, 0, 0],
						"0.2833": [0, -3, 0],
						"10.0333": [0, 0, 0],
						"8.5167": [0, -3, 0]
					}
				},
				"rightLeg2": {
					"rotation": {
						"0.0": [0, 0, 0],
						"0.2833": [65, 0, 0],
						"10.0333": [0, 0, 0],
						"8.5167": [65, 0, 0]
					}
				},
				"leftLeg": {
					"rotation": {
						"0.0": [0, 0, 0],
						"0.2833": [-35, 0, 0],
						"10.0333": [0, 0, 0],
						"8.5167": [-35, 0, 0]
					},
					"position": {
						"0.0": [0, 0, 0],
						"0.2833": [0, -3, 0],
						"10.0333": [0, 0, 0],
						"8.5167": [0, -3, 0]
					}
				},
				"leftLeg2": {
					"rotation": {
						"0.0": [0, 0, 0],
						"0.2833": [100, 0, 0],
						"10.0333": [0, 0, 0],
						"8.5167": [100, 0, 0]
					}
				}
			}
		},
		"animation.scp106.moving": {
			"loop": true,
			"animation_length": 0.9667,
			"anim_time_update": "query.modified_distance_moved * 0.1",
			"bones": {
				"body": {
					"rotation": {
						"0.0": [15, 15, -10],
						"0.2333": [5, -5, 0],
						"0.4833": [15, -30, 10],
						"0.7167": [5, -5, 0],
						"0.9667": [15, 15, -10]
					},
					"position": {
						"0.0": [0, 0, 0],
						"0.2333": [0, -1, 0],
						"0.4833": [0, 0, 0],
						"0.7167": [0, -1, 0],
						"0.9667": [0, 0, 0]
					}
				},
				"head": {
					"rotation": {
						"0.0": [0, -20, 0],
						"0.2333": [-5, 0, -5],
						"0.4833": [-10, 25, 0],
						"0.7167": [-5, 0, 10],
						"0.9667": [0, -20, 0]
					}
				},
				"rightArm": {
					"rotation": {
						"0.0": [45, 0, 0],
						"0.2333": [0, 0, 10],
						"0.4833": [-45, 20, 0],
						"0.7167": [35, 0, 10],
						"0.9667": [45, 0, 0]
					}
				},
				"rightArm2": {
					"rotation": {
						"0.0": [-25, 0, 0],
						"0.2333": [-35, 0, 0],
						"0.4833": [-50, 0, 0],
						"0.7167": [-22.5, 0, 0],
						"0.9667": [-25, 0, 0]
					}
				},
				"leftArm": {
					"rotation": {
						"0.0": [-40, 0, 0],
						"0.2333": [35, 0, -10],
						"0.4833": [55, 0, -10],
						"0.7167": [0, 0, -10],
						"0.9667": [-40, 0, 0]
					}
				},
				"leftArm2": {
					"rotation": {
						"0.0": [-55, 0, 0],
						"0.2333": [-22.5, 0, 0],
						"0.4833": [-20, 0, 0],
						"0.7167": [-35, 0, 0],
						"0.9667": [-55, 0, 0]
					}
				},
				"rightLeg": {
					"rotation": {
						"0.0": [-50, 0, 0],
						"0.2333": [5, 0, 0],
						"0.4833": [35, 0, 10],
						"0.7167": [-20, 0, 10],
						"0.9667": [-50, 0, 0]
					}
				},
				"rightLeg2": {
					"rotation": {
						"0.0": [30, 0, 0],
						"0.2333": [10, 0, 0],
						"0.4833": [55, 0, 0],
						"0.7167": [100, 0, 0],
						"0.9667": [30, 0, 0]
					}
				},
				"leftLeg": {
					"rotation": {
						"0.0": [15, 0, -10],
						"0.2333": [-20, 0, -10],
						"0.4833": [-50, 0, 0],
						"0.7167": [5, 0, 0],
						"0.9667": [15, 0, -10]
					}
				},
				"leftLeg2": {
					"rotation": {
						"0.0": [40, 0, 0],
						"0.2333": [100, 0, 0],
						"0.4833": [30, 0, 0],
						"0.7167": [10, 0, 0],
						"0.9667": [40, 0, 0]
					}
				}
			}
		},
		"animation.scp106.spawning": {
			"loop": true,
			"animation_length": 10,
			"bones": {
				"body": {
					"rotation": {
						"0.0": [15, 15, -5],
						"0.2333": [5, -5, 5],
						"0.4833": [15, -30, 10],
						"0.7167": [5, -5, 0],
						"0.9667": [15, 15, -5],
						"1.2333": [0, 0, 0],
						"1.4333": [0, 0, 0]
					},
					"position": {
						"0.0": [0, 0, 0],
						"0.2333": [0, -1, 0],
						"0.4833": [0, 0, 0],
						"0.7167": [0, -1, 0],
						"0.9667": [0, 0, 0]
					}
				},
				"head": {
					"rotation": {
						"0.0": [0, -20, 0],
						"0.2333": [-5, 0, -5],
						"0.4833": [-10, 25, 0],
						"0.7167": [-5, 0, 10],
						"0.9667": [0, -20, 0],
						"1.2333": [0, 0, 0],
						"1.4333": [0, 0, 0]
					}
				},
				"rightArm": {
					"rotation": {
						"0.0": [45, 0, 0],
						"0.2333": [0, 0, 10],
						"0.4833": [-45, 20, 0],
						"0.7167": [35, 0, 10],
						"0.9667": [45, 0, 0],
						"1.2333": [0, 0, 0],
						"1.4333": ["0+Math.cos(query.life_time * 40) *2.0", 0, "0+Math.cos(query.life_time * 40) *2.0"]
					}
				},
				"rightArm2": {
					"rotation": {
						"0.0": [-25, 0, 0],
						"0.2333": [-35, 0, 0],
						"0.4833": [-50, 0, 0],
						"0.7167": [-22.5, 0, 0],
						"0.9667": [-25, 0, 0],
						"1.2333": [0, 0, 0],
						"1.4333": [0, 0, 0]
					}
				},
				"leftArm": {
					"rotation": {
						"0.0": [-40, 0, 0],
						"0.2333": [35, 0, -10],
						"0.4833": [55, 0, -10],
						"0.7167": [0, 0, -10],
						"0.9667": [-40, 0, 0],
						"1.2333": [0, 0, 0],
						"1.4333": ["0+Math.cos(query.life_time * 40) *-2.0", 0, "0+Math.cos(query.life_time * 40) *-2.0"]
					}
				},
				"leftArm2": {
					"rotation": {
						"0.0": [-55, 0, 0],
						"0.2333": [-22.5, 0, 0],
						"0.4833": [-20, 0, 0],
						"0.7167": [-35, 0, 0],
						"0.9667": [-55, 0, 0],
						"1.2333": [0, 0, 0],
						"1.4333": [0, 0, 0]
					}
				},
				"rightLeg": {
					"rotation": {
						"0.0": [-50, 0, 0],
						"0.2333": [5, 0, 0],
						"0.4833": [35, 0, 10],
						"0.7167": [-20, 0, 10],
						"0.9667": [-50, 0, 0],
						"1.2333": [0, 0, 0],
						"1.4333": [0, 0, 0]
					}
				},
				"rightLeg2": {
					"rotation": {
						"0.0": [30, 0, 0],
						"0.2333": [10, 0, 0],
						"0.4833": [55, 0, 0],
						"0.7167": [100, 0, 0],
						"0.9667": [30, 0, 0],
						"1.2333": [0, 0, 0],
						"1.4333": [0, 0, 0]
					}
				},
				"leftLeg": {
					"rotation": {
						"0.0": [15, 0, -10],
						"0.2333": [-20, 0, -10],
						"0.4833": [-50, 0, 0],
						"0.7167": [5, 0, 0],
						"0.9667": [15, 0, -10],
						"1.2333": [0, 0, 0]
					}
				},
				"leftLeg2": {
					"rotation": {
						"0.0": [40, 0, 0],
						"0.2333": [100, 0, 0],
						"0.4833": [30, 0, 0],
						"0.7167": [10, 0, 0],
						"0.9667": [40, 0, 0],
						"1.2333": [0, 0, 0]
					}
				},
				"waist": {
					"position": {
						"0.0": [0, -34, 20],
						"1.2333": [0, 0, 0]
					}
				}
			}
		},
		"animation.scp106.casting": {
			"loop": true,
			"animation_length": 100,
			"bones": {
				"body": {
					"rotation": {
						"0.0": [35, 0, 0],
						"0.5167": [85, 0, 0],
						"0.7667": [130, 0, 0],
						"1.0": [39.9, 0, 0],
						"1.5167": [97.54, 0, 0],
						"1.8333": [48.95, 0, 0],
						"2.0": [-5, 0, 0],
						"2.2333": [90, 0, 0]
					},
					"position": {
						"0.0": [0, 0, 0],
						"0.5167": [0, -4, 0],
						"0.7667": [0, -16, 0],
						"2.5167": [0, -2, 0]
					}
				},
				"rightArm": {
					"rotation": {
						"0.0": [-30, 0, 0],
						"0.5167": [-90, 0, 0],
						"1.4833": [-90, 0, 0],
						"1.8333": [-61.32, 0, 0],
						"2.0": [-5, 0, 0],
						"2.2333": [-70, 0, 0]
					}
				},
				"leftArm": {
					"rotation": {
						"0.0": [-30, 0, 0],
						"0.5167": [-95, 0, 0],
						"1.4833": [-95, 0, 0],
						"1.8333": [-55.97, 0, 0],
						"2.0": [5, 0, 0],
						"2.2333": [-70, 0, 0]
					}
				},
				"rightLeg": {
					"rotation": {
						"0.0": [0, 0, 5],
						"0.4833": [-70, 0, 5],
						"2.5167": [5, 0, 5]
					},
					"position": {
						"0.0": [0, 0, 0],
						"0.4833": [0, -5, 0],
						"0.7667": [0, -19, 0],
						"2.0": [0, -6, 0],
						"2.5167": [0, -2, 0]
					}
				},
				"rightLeg2": {
					"rotation": {
						"0.0": [0, 0, 0],
						"0.4833": [90, 0, 0],
						"2.5167": [0, 0, 0]
					}
				},
				"leftLeg": {
					"rotation": {
						"0.0": [0, 0, -5],
						"0.4833": [-70, 0, -5],
						"2.5167": [0, 0, -5]
					},
					"position": {
						"0.0": [0, 0, 0],
						"0.4833": [0, -5, 0],
						"0.7667": [0, -20, 0],
						"2.0": [0, -6, 0],
						"2.5167": [0, -2, 0]
					}
				},
				"leftLeg2": {
					"rotation": {
						"0.0": [0, 0, 0],
						"0.4833": [95, 0, 0],
						"2.5167": [0, 0, 0]
					}
				},
				"head": {
					"rotation": {
						"0.8": [0, 0, 0],
						"1.0": [-40, 0, 0]
					}
				},
				"rightArm2": {
					"rotation": [-15, 0, 0]
				},
				"leftArm2": {
					"rotation": [-20, 0, 0]
				}
			}
		}
	}
}