{
	"format_version": "1.8.0",
	"animations": {
		"sitting": {
			"loop": true,
			"bones": {
				"body": {
					"position": [0, -19.7, 0]
				},
				"body2": {
					"rotation": ["-5+Math.cos(query.life_time * 180.0) *3", 0, 0]
				},
				"body3": {
					"rotation": ["25+Math.cos(query.life_time * 180.0) *-3", 0, 0]
				},
				"leftarm": {
					"rotation": ["-75+Math.cos(query.life_time * 180.0) *-3", 10, 0]
				},
				"leftarm2": {
					"rotation": ["-10+Math.cos(query.life_time * 180.0) *3", 0, 15]
				},
				"leftarm3": {
					"rotation": [65, "55+Math.cos(query.life_time * 180.0) *-3", 60]
				},
				"leftarm4": {
					"rotation": [0, 0, -15]
				},
				"leftarm9": {
					"rotation": [0, 0, 50]
				},
				"leftarm5": {
					"rotation": [5, 0, 35]
				},
				"leftarm10": {
					"rotation": [0, 0, 40]
				},
				"leftarm6": {
					"rotation": [-5, 0, 0]
				},
				"leftarm11": {
					"rotation": [0, 0, 65]
				},
				"leftarm7": {
					"rotation": [-15, 0, 10]
				},
				"leftarm12": {
					"rotation": [0, 0, 55]
				},
				"leftarm8": {
					"rotation": [-10, 0, -10]
				},
				"leftarm13": {
					"rotation": [0, 0, 50]
				},
				"rightarm": {
					"rotation": ["-50+Math.cos(query.life_time * 180.0) *-3", 0, 0]
				},
				"rightarm2": {
					"rotation": ["-50+Math.cos(query.life_time * 180.0) *3", 0, -35]
				},
				"rightarm3": {
					"rotation": [75, "-75+Math.cos(query.life_time * 180.0) *-3", -40]
				},
				"rightarm4": {
					"rotation": [10, 0, -35]
				},
				"rightarm5": {
					"rotation": [0, 0, -55]
				},
				"rightarm6": {
					"rotation": [5, 0, -55]
				},
				"rightarm7": {
					"rotation": [0, 0, -40]
				},
				"rightarm9": {
					"rotation": [0, 0, -45]
				},
				"rightarm10": {
					"rotation": [-5, 0, -55]
				},
				"rightarm11": {
					"rotation": [0, 0, -15]
				},
				"rightarm12": {
					"rotation": [-5, 0, -40]
				},
				"rightarm13": {
					"rotation": [0, 0, -20]
				},
				"neck": {
					"rotation": ["55+Math.cos(query.life_time * 180.0) *-3", 0, 0],
					"scale": [0.8, 1, 0.8]
				},
				"head": {
					"rotation": ["10+Math.cos(query.life_time * 180.0) *-3", 0, 0]
				},
				"leftleg": {
					"rotation": [-149, "0+Math.cos(query.life_time * 180.0) *-3", 10],
					"position": [0, -19, 0]
				},
				"leftleg2": {
					"rotation": [100, 0, 10],
					"scale": [1, 1, 1]
				},
				"leftleg3": {
					"rotation": [50, 0, 0]
				},
				"rightleg": {
					"rotation": [-149, "0+Math.cos(query.life_time * 180.0) *3", -10],
					"position": [0, -19, 0]
				},
				"rightleg2": {
					"rotation": [100, 0, -10]
				},
				"rightleg3": {
					"rotation": [50, 0, 0]
				},
				"rightarm8": {
					"rotation": [0, 0, -50]
				}
			}
		},
		"rageing": {
			"loop": true,
			"animation_length": 30,
			"bones": {
				"body": {
					"rotation": {
						"0.0": [0, 0, 0],
						"1.0": [0, 0, 0],
						"8.5167": [0, 0, 0]
					},
					"position": {
						"0.0": [0, 0, 0],
						"1.0": [0, -6, 0],
						"10.5667": [0, "0+Math.cos(query.life_time * 100) * -0.3", 0],
						"8.5167": [0, -5, 0],
						"9.1667": [0, 0, 0]
					}
				},
				"body2": {
					"rotation": {
						"0.0": [0, 0, 0],
						"1.0": ["80+Math.cos(query.life_time * 180.0) *1", 0, 0],
						"10.5667": ["Math.cos(query.anim_time * -40 + -70) *-20.0", "Math.cos(query.life_time * 100) * -30", "Math.cos(query.life_time * 100) * -30"],
						"28.0": ["5+Math.cos(query.life_time * 180.0) *20", 0, "Math.cos(query.life_time * 180.0) *20"],
						"28.5667": [5, 0, 0],
						"29.0": [30, 0, 0],
						"9.1667": [80, 0, 0]
					}
				},
				"body3": {
					"rotation": {
						"0.0": [0, 0, 0],
						"1.4833": [0, 0, 0],
						"10.5667": ["Math.cos(query.anim_time * -40 + -70) *-20.0", "Math.cos(query.life_time * 100) * -30", "Math.cos(query.life_time * 100) * -30"],
						"28.0": ["Math.cos(query.life_time * 180.0) *20", 0, "Math.cos(query.life_time * 180.0) *20"],
						"28.5167": [0, 0, 0],
						"30.0": [25, 0, 0],
						"9.1667": [0, 0, 0]
					}
				},
				"leftarm": {
					"rotation": {
						"0.0": [0, 0, 0],
						"0.5167": [-60, 0, 0],
						"1.0": [-60, 0, "-25+Math.cos(query.life_time * 180.0) *-5"],
						"27.7167": [-50.52, 0, "-25+Math.cos(query.life_time * 180.0) *-5"],
						"28.0": [-10, 0, "-25+Math.cos(query.life_time * 180.0) *-5"],
						"29.0": [45, 0, "-25+Math.cos(query.life_time * 180.0) *-5"]
					}
				},
				"leftarm2": {
					"rotation": {
						"0.0": [0, 0, 0],
						"0.5167": [-70, 0, 0],
						"1.0": [-125, 10, 0],
						"10.5667": [-128.92, 10, 0],
						"27.7167": [-140.22, 10, 0],
						"28.0": [-115, 10, 0],
						"28.5167": [-30, 10, 0]
					}
				},
				"leftarm3": {
					"rotation": {
						"0.0": [-80, 35, -80],
						"1.0": [-80, 125, -80]
					}
				},
				"leftarm4": {
					"rotation": [13, 0, -36]
				},
				"leftarm9": {
					"rotation": [0, 0, -39]
				},
				"leftarm5": {
					"rotation": {
						"0.0": [-2, 0, -25],
						"1.0": [-2, 0, -10]
					}
				},
				"leftarm10": {
					"rotation": [-15, 0, -43]
				},
				"leftarm6": {
					"rotation": {
						"0.0": [-6, 0, -32],
						"1.0": [-6, 0, -17]
					}
				},
				"leftarm11": {
					"rotation": [0, 0, -20]
				},
				"leftarm7": {
					"rotation": {
						"0.0": [-15, 0, -31],
						"1.0": [-15, 0, -21]
					}
				},
				"leftarm12": {
					"rotation": [-20, 0, -26]
				},
				"leftarm8": {
					"rotation": [-15, 0, -34]
				},
				"leftarm13": {
					"rotation": [0, 0, -41]
				},
				"rightarm": {
					"rotation": {
						"0.0": [0, 0, 0],
						"0.5167": [-60, 0, 0],
						"1.0": [-70, 0, "25+Math.cos(query.life_time * 180.0) *5"],
						"10.5667": [-65, 0, "25+Math.cos(query.life_time * 180.0) *5"],
						"27.7167": [-45.88, 0, "25+Math.cos(query.life_time * 180.0) *5"],
						"28.0": [5, 0, "25+Math.cos(query.life_time * 180.0) *5"],
						"29.0": [55, 0, "25+Math.cos(query.life_time * 180.0) *5"]
					}
				},
				"rightarm2": {
					"rotation": {
						"0.0": [0, 0, 0],
						"0.5167": [-65, 0, 0],
						"1.0": [-130, -10, 15],
						"10.5667": [-128.23, -10, 9.69],
						"27.7167": [-135.05, -10, 15.16],
						"28.0": [-125, -10, 0],
						"28.5167": [-50, -10, 0]
					}
				},
				"rightarm3": {
					"rotation": {
						"0.0": [-75, -35, 80],
						"0.4833": [-75, -35, 80],
						"1.0": [-70, -140, 80],
						"28.5167": [-75, -95, 80]
					}
				},
				"rightarm4": {
					"rotation": {
						"0.0": [10, 0, 30],
						"1.0": [30, 0, -10]
					}
				},
				"rightarm5": {
					"rotation": [0, 0, 54]
				},
				"rightarm6": {
					"rotation": {
						"0.0": [0, 0, 33],
						"1.0": [0, 0, 3]
					}
				},
				"rightarm7": {
					"rotation": [0, 0, 45]
				},
				"rightarm8": {
					"rotation": {
						"0.0": [-7, 0, 40],
						"1.0": [-7, 0, 10]
					}
				},
				"rightarm9": {
					"rotation": [0, 0, 41]
				},
				"rightarm10": {
					"rotation": {
						"0.0": [-18, 0, 46],
						"1.0": [-18, 0, 16]
					}
				},
				"rightarm11": {
					"rotation": [0, 0, 54]
				},
				"rightarm12": {
					"rotation": {
						"0.0": [-20, 0, 47],
						"1.0": [-20, 0, 22]
					}
				},
				"rightarm13": {
					"rotation": [0, 0, 35]
				},
				"neck": {
					"rotation": {
						"1.0": [10, 0, 0],
						"1.4833": [30, 0, 0],
						"2.0": [30, 0, "Math.cos(query.life_time * 180.0) *5"],
						"28.0": [30, 0, "Math.cos(query.life_time * 180.0) *20"],
						"28.5167": [15, 0, 0],
						"29.0": [-10, 0, 0],
						"30.0": [-35, 0, 0],
						"9.1667": [30, 0, "Math.cos(query.life_time * 180.0) *20"]
					},
					"scale": [0.8, 0.8, 0.8]
				},
				"head": {
					"rotation": {
						"0.4833": [25, 0, 0],
						"1.0": [15, 0, 0],
						"1.4833": [-30, 0, 0],
						"28.5167": [-10, 0, 0],
						"28.5667": [-20, 0, 0],
						"9.1667": [-20, 0, 0]
					}
				},
				"jaw": {
					"rotation": {
						"1.1167": [0, 0, 0],
						"10.5667": [0, 0, 0],
						"24.0": [0, 0, 0],
						"27.8833": [0, 0, 0],
						"28.5667": [0, 0, 0],
						"9.1667": [0, 0, 0]
					},
					"scale": [1, 1, 1]
				},
				"leftleg": {
					"rotation": {
						"0.0": [0, 0, 0],
						"1.0": [-35, -20, -5],
						"10.5667": ["0+Math.cos(query.life_time * 100) * -5", -5, 0],
						"28.0": [0, 0, 0],
						"8.5167": [-35, -20, -5],
						"9.1667": [-5, 0, 0]
					},
					"position": {
						"0.0": [0, 0, 0],
						"1.0": [0, -6, 0],
						"8.5167": [0, -5, 0],
						"9.1667": [0, 0, 0]
					}
				},
				"leftleg2": {
					"rotation": {
						"0.0": [0, 0, 0],
						"1.0": [90, 0, 0],
						"10.5667": ["4.63+Math.cos(query.life_time * 100) * 10", 0, 0],
						"28.0": [0, 0, 0],
						"8.5167": [90, 0, 0],
						"9.1667": [5, 0, 0]
					}
				},
				"leftleg3": {
					"rotation": {
						"0.0": [0, 0, 0],
						"1.0": [-55, 0, 0],
						"10.5667": ["0+Math.cos(query.life_time * 100) * -5", 0, 0],
						"10.8333": [-4.91, -15, 0],
						"28.0": [0, 0, 0],
						"8.5167": [-55, 0, 0],
						"9.1667": [0, 0, 0]
					}
				},
				"rightleg": {
					"rotation": {
						"0.0": [0, 0, 0],
						"1.0": [-35, 15, 5],
						"10.5667": ["0+Math.cos(query.life_time * 100) * -5", 0, 0],
						"28.0": [0, 0, 0],
						"8.5167": [-35, 20, 5],
						"9.1667": [-5, 0, 0]
					},
					"position": {
						"0.0": [0, 0, 0],
						"1.0": [0, -6, 0],
						"8.5167": [0, -5, 0],
						"9.1667": [0, 0, 0]
					}
				},
				"rightleg2": {
					"rotation": {
						"0.0": [0, 0, 0],
						"1.0": [90, 0, 0],
						"10.5667": ["4.63+Math.cos(query.life_time * 100) * 10", 0, 0],
						"28.0": [0, 0, 0],
						"8.5167": [90, 0, 0],
						"9.1667": [5, 0, 0]
					}
				},
				"rightleg3": {
					"rotation": {
						"0.0": [0, 0, 0],
						"1.0": [-50, 0, 0],
						"10.5667": ["0+Math.cos(query.life_time * 100) * -5", 0, 0],
						"28.0": [0, 0, 0],
						"8.5167": [-50, 0, 0],
						"9.1667": [0, 0, 0]
					}
				}
			}
		},
		"general": {
			"loop": true,
			"bones": {
				"body": {
					"rotation": ["0+Math.cos(query.life_time * 90.0) *3", "Math.cos(query.life_time * 180.0) *3", 0],
					"position": [0, "-3.8+Math.cos(query.life_time * 180.0) *-0.3", 0]
				},
				"body2": {
					"rotation": ["10+Math.cos(query.life_time * 180.0) *3", "0+Math.cos(query.life_time * 90.0) *3", 0]
				},
				"body3": {
					"rotation": [35, 0, 0]
				},
				"leftleg": {
					"rotation": [-35, -15, -5],
					"position": [0, "-3.8+Math.cos(query.life_time * 180.0) *-0.3", 0]
				},
				"leftleg2": {
					"rotation": [70, 0, 0],
					"position": [0, "Math.cos(query.life_time * 180.0) *0.3", 0]
				},
				"leftleg3": {
					"rotation": [-35, 0, 0]
				},
				"rightleg": {
					"rotation": [-35, 15, 5],
					"position": [0, "-3.8+Math.cos(query.life_time * 180.0) *-0.3", 0]
				},
				"rightleg2": {
					"rotation": [70, 0, 0],
					"position": [0, "Math.cos(query.life_time * 180.0) *0.3", 0]
				},
				"rightleg3": {
					"rotation": [-35, 0, 0]
				},
				"leftarm": {
					"rotation": ["-50+Math.cos(query.life_time * 180.0) *-3", -5, "Math.cos(query.life_time * 180.0) *-3"]
				},
				"leftarm2": {
					"rotation": [-15, 0, 0]
				},
				"leftarm3": {
					"rotation": [0, 90, "0+Math.cos(query.life_time * 180.0) *3"]
				},
				"leftarm4": {
					"rotation": [0, 0, "40+Math.cos(query.life_time * 180.0) *-3"]
				},
				"leftarm9": {
					"rotation": [0, 0, 50]
				},
				"leftarm5": {
					"rotation": [0, 0, "50+Math.cos(query.life_time * 180.0) *-3"]
				},
				"leftarm10": {
					"rotation": [0, 0, 35]
				},
				"leftarm6": {
					"rotation": [0, 0, "40+Math.cos(query.life_time * 180.0) *-3"]
				},
				"leftarm11": {
					"rotation": [0, 0, 40]
				},
				"leftarm7": {
					"rotation": [0, 0, "25+Math.cos(query.life_time * 180.0) *-3"]
				},
				"leftarm12": {
					"rotation": [0, 0, 45]
				},
				"leftarm8": {
					"rotation": [0, 0, "25+Math.cos(query.life_time * 180.0) *-3"]
				},
				"leftarm13": {
					"rotation": [0, 0, 45]
				},
				"rightarm": {
					"rotation": ["-50+Math.cos(query.life_time * 180.0) *3", 5, "Math.cos(query.life_time * 180.0) *3"]
				},
				"rightarm2": {
					"rotation": [-15, 0, 0]
				},
				"rightarm3": {
					"rotation": [0, -90, "0+Math.cos(query.life_time * 180.0) *3"]
				},
				"rightarm4": {
					"rotation": [0, 0, "-60+Math.cos(query.life_time * 180.0) *-3"]
				},
				"rightarm5": {
					"rotation": [0, 0, -45]
				},
				"rightarm6": {
					"rotation": [0, 0, "-35+Math.cos(query.life_time * 180.0) *-3"]
				},
				"rightarm7": {
					"rotation": [0, 0, -40]
				},
				"rightarm8": {
					"rotation": [0, 0, "-20+Math.cos(query.life_time * 180.0) *-3"]
				},
				"rightarm9": {
					"rotation": [0, 0, -30]
				},
				"rightarm10": {
					"rotation": [0, 0, "-5+Math.cos(query.life_time * 180.0) *-3"]
				},
				"rightarm11": {
					"rotation": [0, 0, -35]
				},
				"rightarm12": {
					"rotation": [0, 0, "-30+Math.cos(query.life_time * 180.0) *-3"]
				},
				"rightarm13": {
					"rotation": [0, 0, -50]
				},
				"neck": {
					"rotation": [-10, 0, 0],
					"scale": [0.8, 0.8, 0.8]
				},
				"head": {
					"rotation": ["-40+query.target_x_rotation - this", "query.target_y_rotation - this", "Math.cos(query.life_time * 180.0) *3"]
				},
				"jaw": {
					"rotation": ["1+Math.cos(query.life_time * 180.0) *-1", 0, 0]
				}
			}
		},
		"attack": {
			"animation_length": 0.56,
			"bones": {
				"body": {
					"rotation": [0, 0, 0]
				},
				"body2": {
					"rotation": {
						"0.0": [-15, 0, 0],
						"0.5667": [30, 0, 0]
					}
				},
				"body3": {
					"rotation": {
						"0.0": [-20, 0, 0],
						"0.5667": [25, 0, 0]
					}
				},
				"leftarm": {
					"rotation": {
						"0.0": [-135, 0, 0],
						"0.5667": [-55, 0, 0]
					}
				},
				"leftarm2": {
					"rotation": {
						"0.0": [-35, 0, 0],
						"0.5667": [-10, 0, 0]
					}
				},
				"leftarm3": {
					"rotation": [0, 90, 0]
				},
				"leftarm4": {
					"rotation": [0, 0, 0]
				},
				"leftarm9": {
					"rotation": [0, 0, 0]
				},
				"leftarm5": {
					"rotation": [0, 0, 0]
				},
				"leftarm10": {
					"rotation": [0, 0, 0]
				},
				"leftarm6": {
					"rotation": [0, 0, 0]
				},
				"leftarm11": {
					"rotation": [0, 0, 0]
				},
				"leftarm7": {
					"rotation": [0, 0, 0]
				},
				"leftarm12": {
					"rotation": [0, 0, 0]
				},
				"leftarm8": {
					"rotation": [0, 0, 0]
				},
				"leftarm13": {
					"rotation": [0, 0, 0]
				},
				"rightarm": {
					"rotation": {
						"0.0": [-130, 0, 0],
						"0.5667": [-45, 0, 0]
					}
				},
				"rightarm2": {
					"rotation": {
						"0.0": [-60, 0, 0],
						"0.5667": [-15, 0, 0]
					}
				},
				"rightarm3": {
					"rotation": [0, -85, 0]
				},
				"rightarm4": {
					"rotation": [0, 0, 0]
				},
				"rightarm5": {
					"rotation": [0, 0, 0]
				},
				"rightarm6": {
					"rotation": [0, 0, 0]
				},
				"rightarm7": {
					"rotation": [0, 0, 0]
				},
				"rightarm8": {
					"rotation": [0, 0, 0]
				},
				"rightarm9": {
					"rotation": [0, 0, 0]
				},
				"rightarm10": {
					"rotation": [0, 0, 0]
				},
				"rightarm11": {
					"rotation": [0, 0, 0]
				},
				"rightarm12": {
					"rotation": [0, 0, 0]
				},
				"rightarm13": {
					"rotation": [0, 0, 0]
				},
				"neck": {
					"rotation": [0, 0, 0]
				},
				"head": {
					"rotation": [0, 0, 0]
				},
				"jaw": {
					"rotation": [0, 0, 0]
				},
				"leftleg": {
					"rotation": [0, 0, 0]
				},
				"leftleg2": {
					"rotation": [0, 0, 0]
				},
				"leftleg3": {
					"rotation": [0, 0, 0]
				},
				"rightleg": {
					"rotation": [0, 0, 0]
				},
				"rightleg2": {
					"rotation": [0, 0, 0]
				},
				"rightleg3": {
					"rotation": [0, 0, 0]
				}
			}
		},
		"attacking": {
			"animation_length": 0.8333,
			"bones": {
				"body": {
					"rotation": {
						"0.0": [0, "Math.cos(query.life_time * 180.0) *3", 0],
						"0.2333": [50, 0, 0],
						"0.6": [25, 0, 0],
						"0.8333": [0, "Math.cos(query.life_time * 180.0) *3", 0]
					},
					"position": {
						"0.0": [0, "-3+Math.cos(query.life_time * 180.0) *-0.3", 0],
						"0.2333": [0, -6, 0],
						"0.8333": [0, "-3+Math.cos(query.life_time * 180.0) *-0.3", 0]
					}
				},
				"body2": {
					"rotation": {
						"0.0": ["10+Math.cos(query.life_time * 180.0) *3", 0, 0],
						"0.2333": [-85, 0, 0],
						"0.6": [35, 0, 0],
						"0.8333": ["10+Math.cos(query.life_time * 180.0) *3", 0, 0]
					},
					"position": {
						"0.0": [0, 0, 0],
						"0.2333": [0, -3, 0],
						"0.6": [0, 0, 0]
					}
				},
				"body3": {
					"rotation": {
						"0.0": [35, 0, 0],
						"0.2333": [-20, 0, 0],
						"0.8333": [35, 0, 0]
					}
				},
				"leftarm": {
					"rotation": {
						"0.0": ["-50+Math.cos(query.life_time * 180.0) *-3", -5, "Math.cos(query.life_time * 180.0) *-3"],
						"0.2333": [-125, 0, 0],
						"0.6": [-55, 0, 0],
						"0.8333": ["-50+Math.cos(query.life_time * 180.0) *-3", -5, "Math.cos(query.life_time * 180.0) *-3"]
					}
				},
				"leftarm2": {
					"rotation": {
						"0.0": [-15, 0, 0],
						"0.2333": [-15, 0, 0],
						"0.8333": [-15, 0, 0]
					}
				},
				"leftarm3": {
					"rotation": {
						"0.0": [0, 95, 0],
						"0.2333": [-90, 35, -90],
						"0.6": [-90, -15, -90],
						"0.8333": [0, 95, 0]
					}
				},
				"leftarm4": {
					"rotation": {
						"0.0": [0, 0, "50+Math.cos(query.life_time * 180.0) *-3"],
						"0.2333": [20, 0, 10],
						"0.8333": [0, 0, "95+Math.cos(query.life_time * 180.0) *-3"]
					}
				},
				"leftarm9": {
					"rotation": {
						"0.0": [0, 0, 50],
						"0.2333": [0, 0, 20],
						"0.8333": [0, 0, 50]
					}
				},
				"leftarm5": {
					"rotation": {
						"0.0": [0, 0, "35+Math.cos(query.life_time * 180.0) *-3"],
						"0.2333": [15, 0, 10],
						"0.8333": [0, 0, "70+Math.cos(query.life_time * 180.0) *-3"]
					}
				},
				"leftarm10": {
					"rotation": {
						"0.0": [0, 0, 35],
						"0.2333": [0, 0, 20],
						"0.8333": [0, 0, 35]
					}
				},
				"leftarm6": {
					"rotation": {
						"0.0": [0, 0, "40+Math.cos(query.life_time * 180.0) *-3"],
						"0.2333": [0, 0, 10],
						"0.8333": [0, 0, "40+Math.cos(query.life_time * 180.0) *-3"]
					}
				},
				"leftarm11": {
					"rotation": {
						"0.0": [0, 0, 40],
						"0.2333": [0, 0, 15],
						"0.8333": [0, 0, 40]
					}
				},
				"leftarm7": {
					"rotation": {
						"0.0": [0, 0, "25+Math.cos(query.life_time * 180.0) *-3"],
						"0.2333": [-20, 0, 5],
						"0.8333": [0, 0, "25+Math.cos(query.life_time * 180.0) *-3"]
					}
				},
				"leftarm12": {
					"rotation": {
						"0.0": [0, 0, 45],
						"0.2333": [0, 0, 15],
						"0.8333": [0, 0, 45]
					}
				},
				"leftarm8": {
					"rotation": {
						"0.0": [0, 0, "25+Math.cos(query.life_time * 180.0) *-3"],
						"0.2333": [-20, 0, 15],
						"0.8333": [0, 0, "25+Math.cos(query.life_time * 180.0) *-3"]
					}
				},
				"leftarm13": {
					"rotation": {
						"0.0": [0, 0, 45],
						"0.2333": [0, 0, 15],
						"0.8333": [0, 0, 45]
					}
				},
				"rightarm": {
					"rotation": {
						"0.0": ["-50+Math.cos(query.life_time * 180.0) *3", 5, "Math.cos(query.life_time * 180.0) *3"],
						"0.2333": [-125, 0, 0],
						"0.6": [-50, 0, 0],
						"0.8333": ["-50+Math.cos(query.life_time * 180.0) *3", 5, "Math.cos(query.life_time * 180.0) *3"]
					}
				},
				"rightarm2": {
					"rotation": {
						"0.0": [-15, 0, 0],
						"0.2333": [-15, 0, 0],
						"0.8333": [-15, 0, 0]
					}
				},
				"rightarm3": {
					"rotation": {
						"0.0": [0, -95, 0],
						"0.2333": [-90, -35, 90],
						"0.6": [-90, 15, 90],
						"0.8333": [0, -95, 0]
					}
				},
				"rightarm4": {
					"rotation": {
						"0.0": [0, 0, "-60+Math.cos(query.life_time * 180.0) *-3"],
						"0.2333": [20, 0, -5],
						"0.8333": [0, 0, "-60+Math.cos(query.life_time * 180.0) *-3"]
					}
				},
				"rightarm5": {
					"rotation": {
						"0.0": [0, 0, -45],
						"0.2333": [0, 0, -20],
						"0.8333": [0, 0, -45]
					}
				},
				"rightarm6": {
					"rotation": {
						"0.0": [0, 0, "-35+Math.cos(query.life_time * 180.0) *-3"],
						"0.2333": [5, 0, 0],
						"0.8333": [0, 0, "-35+Math.cos(query.life_time * 180.0) *-3"]
					}
				},
				"rightarm7": {
					"rotation": {
						"0.0": [0, 0, -40],
						"0.2333": [0, 0, -10],
						"0.8333": [0, 0, -40]
					}
				},
				"rightarm8": {
					"rotation": {
						"0.0": [0, 0, "-20+Math.cos(query.life_time * 180.0) *-3"],
						"0.2333": [-10, 0, 0],
						"0.8333": [0, 0, "-20+Math.cos(query.life_time * 180.0) *-3"]
					}
				},
				"rightarm9": {
					"rotation": {
						"0.0": [0, 0, -30],
						"0.2333": [0, 0, -15],
						"0.8333": [0, 0, -30]
					}
				},
				"rightarm10": {
					"rotation": {
						"0.0": [0, 0, "-5+Math.cos(query.life_time * 180.0) *-3"],
						"0.2333": [-20, 0, 0],
						"0.8333": [0, 0, "-5+Math.cos(query.life_time * 180.0) *-3"]
					}
				},
				"rightarm11": {
					"rotation": {
						"0.0": [0, 0, -35],
						"0.2333": [0, 0, -20],
						"0.8333": [0, 0, -35]
					}
				},
				"rightarm12": {
					"rotation": {
						"0.0": [0, 0, "-30+Math.cos(query.life_time * 180.0) *-3"],
						"0.2333": [-15, 0, 0],
						"0.8333": [0, 0, "-30+Math.cos(query.life_time * 180.0) *-3"]
					}
				},
				"rightarm13": {
					"rotation": {
						"0.0": [0, 0, -50],
						"0.2333": [0, 0, -25],
						"0.8333": [0, 0, -50]
					}
				},
				"neck": {
					"rotation": {
						"0.0": [-10, 0, 0],
						"0.2333": [5, 0, 0],
						"0.6": [30.83, 0, 0],
						"0.8333": [-10, 0, 0]
					}
				},
				"head": {
					"rotation": {
						"0.0": ["-40+query.target_x_rotation - this", "query.target_y_rotation - this", "Math.cos(query.life_time * 180.0) *3"],
						"0.2333": [25, 0, 0],
						"0.6": [35.27, 0, -0.57],
						"0.8333": ["-40+query.target_x_rotation - this", "query.target_y_rotation - this", "Math.cos(query.life_time * 180.0) *3"]
					}
				},
				"jaw": {
					"rotation": {
						"0.0": ["1+Math.cos(query.life_time * 180.0) *-1", 0, 0],
						"0.8333": ["1+Math.cos(query.life_time * 180.0) *-1", 0, 0]
					}
				},
				"leftleg": {
					"rotation": {
						"0.0": [-35, -15, -5],
						"0.2333": [-50, 0, 0],
						"0.6": [-50, 0, 0],
						"0.8333": [-35, -15, -5]
					},
					"position": {
						"0.0": [0, "-3.3+Math.cos(query.life_time * 180.0) *-0.3", 0],
						"0.2333": [0, -6, 0],
						"0.8333": [0, "-3.3+Math.cos(query.life_time * 180.0) *-0.3", 0]
					}
				},
				"leftleg2": {
					"rotation": {
						"0.0": [70, 0, 0],
						"0.2333": [90, 0, 0],
						"0.6": [90, 0, 0],
						"0.8333": [70, 0, 0]
					}
				},
				"leftleg3": {
					"rotation": {
						"0.0": [-35, 0, 0],
						"0.2333": [-41, 0, 0],
						"0.6": [-40, 0, 0],
						"0.8333": [-35, 0, 0]
					}
				},
				"rightleg": {
					"rotation": {
						"0.0": [-35, 15, 5],
						"0.2333": [-50, 0, 0],
						"0.6": [-50, 0, 0],
						"0.8333": [-35, 15, 5]
					},
					"position": {
						"0.0": [0, "-3.3+Math.cos(query.life_time * 180.0) *-0.3", 0],
						"0.2333": [0, -6, 0],
						"0.8333": [0, "-3.3+Math.cos(query.life_time * 180.0) *-0.3", 0]
					}
				},
				"rightleg2": {
					"rotation": {
						"0.0": [70, 0, 0],
						"0.2333": [95, 0, 0],
						"0.6": [90, 0, 0],
						"0.8333": [70, 0, 0]
					}
				},
				"rightleg3": {
					"rotation": {
						"0.0": [-35, 0, 0],
						"0.2333": [-41, 0, 0],
						"0.6": [-40, 0, 0],
						"0.8333": [-35, 0, 0]
					}
				}
			}
		},
		"killing": {
			"loop": true,
			"bones": {
				"jaw": {
					"rotation": [60, 0, 0],
					"scale": [1, 1, 2.2]
				}
			}
		},
		"moving": {
			"loop": true,
			"animation_length": 0.9667,
			"anim_time_update": "query.modified_distance_moved * 0.1",
			"bones": {
				"body": {
					"rotation": {
						"0.0": [5, 0, 0],
						"0.9667": [5, 0, 0]
					},
					"position": {
						"0.0": [0, 0, 0],
						"0.4833": [0, -1, 0],
						"0.9667": [0, 0, 0]
					}
				},
				"body2": {
					"rotation": {
						"0.0": [15, 0, -5],
						"0.2333": [20, 0, 0],
						"0.4833": [15, 0, 5],
						"0.7167": [15, 0, -2.5],
						"0.9667": [15, 0, -5]
					}
				},
				"body3": {
					"rotation": {
						"0.0": [35, 5, 0],
						"0.2333": [30, -5, 0],
						"0.4833": [25, -10, 0],
						"0.7167": [30, 5, 0],
						"0.9667": [35, 5, 0]
					}
				},
				"rightarm": {
					"rotation": {
						"0.0": [-15, 0, 0],
						"0.2333": [-35, 10, 0],
						"0.4833": [-60, -5, 0],
						"0.7167": [-15, 5, 0],
						"0.9667": [-15, 0, 0]
					}
				},
				"rightarm2": {
					"rotation": {
						"0.0": [-5, 0, 0],
						"0.2333": [-20, 0, 0],
						"0.4833": [-30, 0, 0],
						"0.7167": [-20, 0, 0],
						"0.9667": [-5, 0, 0]
					}
				},
				"rightarm3": {
					"rotation": {
						"0.0": [0, -90, "0+Math.cos(query.life_time * 180.0) *3"],
						"0.9667": [0, -90, "0+Math.cos(query.life_time * 180.0) *3"]
					}
				},
				"rightarm4": {
					"rotation": {
						"0.0": [10, 0, -60],
						"0.9667": [10, 0, -60]
					}
				},
				"rightarm5": {
					"rotation": {
						"0.0": [0, 0, -45],
						"0.9667": [0, 0, -45]
					}
				},
				"rightarm6": {
					"rotation": {
						"0.0": [5, 0, -45],
						"0.9667": [5, 0, -45]
					}
				},
				"rightarm7": {
					"rotation": {
						"0.0": [0, 0, -45],
						"0.9667": [0, 0, -45]
					}
				},
				"rightarm8": {
					"rotation": {
						"0.0": [0, 0, -35],
						"0.9667": [0, 0, -35]
					}
				},
				"rightarm9": {
					"rotation": {
						"0.0": [0, 0, -30],
						"0.9667": [0, 0, -30]
					}
				},
				"rightarm10": {
					"rotation": {
						"0.0": [-5, 0, -25],
						"0.9667": [-5, 0, -25]
					}
				},
				"rightarm11": {
					"rotation": {
						"0.0": [0, 0, -40],
						"0.9667": [0, 0, -40]
					}
				},
				"rightarm12": {
					"rotation": {
						"0.0": [-10, 0, -35],
						"0.9667": [-10, 0, -35]
					}
				},
				"rightarm13": {
					"rotation": {
						"0.0": [0, 0, -35],
						"0.9667": [0, 0, -35]
					}
				},
				"leftarm": {
					"rotation": {
						"0.0": [-55, 0, 0],
						"0.2333": [-15, 0, -10],
						"0.4833": [5, 0, 5],
						"0.7167": [-35, -5, 0],
						"0.9667": [-55, 0, 0]
					}
				},
				"leftarm2": {
					"rotation": {
						"0.0": [-30, 0, 0],
						"0.2333": [-20, 0, 0],
						"0.4833": [-10, 0, 0],
						"0.7167": [-20, 0, 0],
						"0.9667": [-30, 0, 0]
					}
				},
				"leftarm3": {
					"rotation": {
						"0.0": [0, 90, 0],
						"0.9667": [0, 90, 0]
					}
				},
				"leftarm4": {
					"rotation": {
						"0.0": [10, 0, 40],
						"0.9667": [10, 0, 40]
					}
				},
				"leftarm5": {
					"rotation": {
						"0.0": [0, -5, 45],
						"0.9667": [0, -5, 45]
					}
				},
				"leftarm6": {
					"rotation": {
						"0.0": [5, 0, 45],
						"0.9667": [5, 0, 45]
					}
				},
				"leftarm7": {
					"rotation": {
						"0.0": [0, 0, 45],
						"0.9667": [0, 0, 45]
					}
				},
				"leftarm8": {
					"rotation": {
						"0.0": [-5, 0, 45],
						"0.9667": [-5, 0, 45]
					}
				},
				"leftarm9": {
					"rotation": {
						"0.0": [0, 0, 45],
						"0.9667": [0, 0, 45]
					}
				},
				"leftarm10": {
					"rotation": {
						"0.0": [-10, 0, 55],
						"0.9667": [-10, 0, 55]
					}
				},
				"leftarm11": {
					"rotation": {
						"0.0": [0, 0, 55],
						"0.9667": [0, 0, 55]
					}
				},
				"leftarm12": {
					"rotation": {
						"0.0": [-10, 0, 35],
						"0.9667": [-10, 0, 35]
					}
				},
				"leftarm13": {
					"rotation": {
						"0.0": [0, 0, 60],
						"0.9667": [0, 0, 60]
					}
				},
				"neck": {
					"rotation": {
						"0.0": [35, 0, 0],
						"0.4833": [15, 0, 0],
						"0.9667": [35, 0, 0]
					}
				},
				"head": {
					"rotation": {
						"0.0": [5, 0, 0],
						"0.9667": [5, 0, 0]
					}
				},
				"rightleg": {
					"rotation": {
						"0.0": [-25, 0, 0],
						"0.2333": [-10, 0, 0],
						"0.4833": [10, 0, 0],
						"0.7167": [-45, 0, 0],
						"0.9667": [-25, 0, 0]
					}
				},
				"rightleg2": {
					"rotation": {
						"0.0": [10, 0, 0],
						"0.2333": [25, 0, 0],
						"0.4833": [30, 0, 0],
						"0.7167": [115, 0, 0],
						"0.9667": [10, 0, 0]
					}
				},
				"rightleg3": {
					"rotation": {
						"0.0": [10, 0, 0],
						"0.2333": [-10, 0, 0],
						"0.4833": [-15, 0, 0],
						"0.7167": [22.5, 0, 0],
						"0.9667": [10, 0, 0]
					}
				},
				"leftleg": {
					"rotation": {
						"0.0": [10, 0, 0],
						"0.2333": [-55, 0, 0],
						"0.4833": [-30, 0, 0],
						"0.7167": [-10, 0, 0],
						"0.9667": [10, 0, 0]
					}
				},
				"leftleg2": {
					"rotation": {
						"0.0": [30, 0, 0],
						"0.2333": [120, 0, 0],
						"0.4833": [20, 0, 0],
						"0.7167": [25, 0, 0],
						"0.9667": [30, 0, 0]
					}
				},
				"leftleg3": {
					"rotation": {
						"0.0": [-10, 0, 0],
						"0.2333": [22.5, 0, 0],
						"0.4833": [10, 0, 0],
						"0.7167": [-10, 0, 0],
						"0.9667": [-10, 0, 0]
					}
				}
			}
		},
		"running": {
			"loop": true,
			"animation_length": 0.6,
			"anim_time_update": "query.modified_distance_moved * 0.07",
			"bones": {
				"body": {
					"rotation": {
						"0.0": [25, 0, 0],
						"0.6": [25, 0, 0]
					},
					"position": {
						"0.0": [0, 0, 0],
						"0.1167": [0, -1, 0],
						"0.2333": [0, 0.25, 0],
						"0.3667": [0, -0.83, 0],
						"0.4833": [0, 0.59, 0],
						"0.6": [0, 0, 0]
					}
				},
				"body2": {
					"rotation": {
						"0.0": [15, 0, -5],
						"0.1167": [25, 0, 0],
						"0.2333": [22.5, 0, 0],
						"0.3667": [25, 0, 5],
						"0.4833": [17.5, 0, 0],
						"0.6": [15, 0, -5]
					}
				},
				"body3": {
					"rotation": {
						"0.0": [15, 0, -5],
						"0.1167": [10, 0, 0],
						"0.2333": [6.25, 0, 0],
						"0.3667": [10, 0, 5],
						"0.4833": [11.25, 0, 0],
						"0.6": [15, 0, -5]
					}
				},
				"rightarm": {
					"rotation": {
						"0.0": [-120, 15, -20],
						"0.1167": [-125, 15, -20],
						"0.2333": [-133.75, 15, -20],
						"0.3667": [-119.17, 15, -20],
						"0.4833": [-129.58, 15, -20],
						"0.6": [-120, 15, -20]
					}
				},
				"rightarm2": {
					"rotation": {
						"0.0": [-15, 0, 0],
						"0.1167": [-30, 0, 0],
						"0.2333": [-11.25, 0, 0],
						"0.3667": [-37.5, 0, 0],
						"0.4833": [-16.25, 0, 0],
						"0.6": [-15, 0, 0]
					}
				},
				"rightarm3": {
					"rotation": {
						"0.0": [110, -175, "-100+Math.cos(query.life_time * 180.0) *3"],
						"0.6": [110, -175, "-100+Math.cos(query.life_time * 180.0) *3"]
					}
				},
				"rightarm4": {
					"rotation": {
						"0.0": [20, 0, -10],
						"0.6": [20, 0, -10]
					}
				},
				"rightarm5": {
					"rotation": {
						"0.0": [0, 0, -45],
						"0.6": [0, 0, -45]
					}
				},
				"rightarm6": {
					"rotation": {
						"0.0": [5, 0, 10],
						"0.6": [5, 0, 10]
					}
				},
				"rightarm7": {
					"rotation": {
						"0.0": [0, 0, -45],
						"0.6": [0, 0, -45]
					}
				},
				"rightarm8": {
					"rotation": {
						"0.0": [-10, 0, 0],
						"0.6": [-10, 0, 0]
					}
				},
				"rightarm9": {
					"rotation": {
						"0.0": [0, 0, -30],
						"0.6": [0, 0, -30]
					}
				},
				"rightarm10": {
					"rotation": {
						"0.0": [-25, 0, 0],
						"0.6": [-25, 0, 0]
					}
				},
				"rightarm11": {
					"rotation": {
						"0.0": [0, 0, -40],
						"0.6": [0, 0, -40]
					}
				},
				"rightarm12": {
					"rotation": {
						"0.0": [-25, 0, -20],
						"0.6": [-25, 0, -20]
					}
				},
				"rightarm13": {
					"rotation": {
						"0.0": [0, 0, -35],
						"0.6": [0, 0, -35]
					}
				},
				"leftarm": {
					"rotation": {
						"0.0": [-125, 0, 20],
						"0.1167": [-135, 0, 20],
						"0.2333": [-137.5, 0, 20],
						"0.3667": [-123.33, 0, 20],
						"0.4833": [-129.16, 0, 20],
						"0.6": [-125, 0, 20]
					}
				},
				"leftarm2": {
					"rotation": {
						"0.0": [-15, 0, 0],
						"0.1167": [-25, 0, 0],
						"0.2333": [-12.5, 0, 0],
						"0.3667": [-33.33, 0, 0],
						"0.4833": [-9.16, 0, 0],
						"0.6": [-15, 0, 0]
					}
				},
				"leftarm3": {
					"rotation": {
						"0.0": [-55, 10, -90],
						"0.6": [-55, 10, -90]
					}
				},
				"leftarm4": {
					"rotation": {
						"0.0": [25, 0, "40+Math.cos(query.anim_time * 180) *5"],
						"0.6": [25, 0, "40+Math.cos(query.anim_time * 180) *5"]
					}
				},
				"leftarm5": {
					"rotation": {
						"0.0": [0, -5, 25],
						"0.6": [0, -5, 25]
					}
				},
				"leftarm6": {
					"rotation": {
						"0.0": [5, 0, 45],
						"0.6": [5, 0, 45]
					}
				},
				"leftarm7": {
					"rotation": {
						"0.0": [0, 0, 25],
						"0.6": [0, 0, 25]
					}
				},
				"leftarm8": {
					"rotation": {
						"0.0": [-5, 0, 45],
						"0.6": [-5, 0, 45]
					}
				},
				"leftarm9": {
					"rotation": {
						"0.0": [0, 0, 25],
						"0.6": [0, 0, 25]
					}
				},
				"leftarm10": {
					"rotation": {
						"0.0": [-20, 0, 55],
						"0.6": [-20, 0, 55]
					}
				},
				"leftarm11": {
					"rotation": {
						"0.0": [0, 0, 20],
						"0.6": [0, 0, 20]
					}
				},
				"leftarm12": {
					"rotation": {
						"0.0": [-35, 0, 35],
						"0.6": [-35, 0, 35]
					}
				},
				"leftarm13": {
					"rotation": {
						"0.0": [0, 0, 45],
						"0.6": [0, 0, 45]
					}
				},
				"neck": {
					"rotation": {
						"0.0": [-5, 5, 5],
						"0.1167": [10, 0, 0],
						"0.4833": [-1.28, -1.24, -1.24],
						"0.6": [-5, 5, 5]
					}
				},
				"head": {
					"rotation": {
						"0.0": [-50, 0, 0],
						"0.1167": [-70, 0, 0],
						"0.2333": [-65.78, -5, 4.93],
						"0.3667": [-61.67, 0, -10],
						"0.4833": [-55, 0, 3.57],
						"0.6": [-50, 0, 0]
					}
				},
				"rightleg": {
					"rotation": {
						"0.0": [40, 0, 10],
						"0.1167": [-60, 0, 0],
						"0.2333": [-65, 0, -5],
						"0.3667": [-52.5, 0, -5],
						"0.4833": [0, 0, 0],
						"0.6": [40, 0, 10]
					},
					"position": {
						"0.0": [0, 1, 0],
						"0.1167": [0, 0, 0],
						"0.2333": [0, 1, 0],
						"0.3667": [0, 0, 0],
						"0.4833": [0, 0, 0],
						"0.6": [0, 1, 0]
					}
				},
				"rightleg2": {
					"rotation": {
						"0.0": [50, 0, 0],
						"0.1167": [95, 0, 0],
						"0.2333": [60, 0, 0],
						"0.3667": [5, 0, 0],
						"0.4833": [50, 0, 0],
						"0.6": [50, 0, 0]
					}
				},
				"rightleg3": {
					"rotation": {
						"0.0": [15, 0, 0],
						"0.1167": [50, 0, 0],
						"0.2333": [10, 0, 0],
						"0.3667": [10, 0, 0],
						"0.4833": [-10, 0, 0],
						"0.6": [15, 0, 0]
					}
				},
				"leftleg": {
					"rotation": {
						"0.0": [-45, 0, 5],
						"0.1167": [0, 0, 0],
						"0.2333": [40, 0, -10],
						"0.3667": [30, 0, 0],
						"0.4833": [-60, 0, 0],
						"0.6": [-45, 0, 5]
					},
					"position": {
						"0.0": [0, 1, 0],
						"0.1167": [0, 0, 0],
						"0.2333": [0, 1, 0],
						"0.3667": [0, 0, 0],
						"0.4833": [0, 0, 0],
						"0.6": [0, 1, 0]
					}
				},
				"leftleg2": {
					"rotation": {
						"0.0": [10, 0, 0],
						"0.1167": [50, 0, 0],
						"0.2333": [35, 0, 0],
						"0.3667": [45, 0, 0],
						"0.4833": [50, 0, 0],
						"0.6": [10, 0, 0]
					}
				},
				"leftleg3": {
					"rotation": {
						"0.0": [10, 0, 0],
						"0.1167": [-35, 0, 0],
						"0.2333": [15, 0, 0],
						"0.3667": [45, 0, 0],
						"0.4833": [25, 0, 0],
						"0.6": [10, 0, 0]
					}
				},
				"jaw": {
					"rotation": {
						"0.0": [20, 0, 0],
						"0.1167": [35, 0, 0],
						"0.2333": [17.5, 0, 0],
						"0.4": [35.83, 0, 0],
						"0.4833": [25.5, 0, 0],
						"0.6": [20, 0, 0]
					}
				}
			}
		}
	}
}