{
	"credit": "Made with Blockbench",
	"texture_size": [64, 64],
	"elements": [
		{
			"name": "Head",
			"from": [4.25, 3.5, 3.5],
			"to": [12.25, 11.5, 11.5],
			"rotation": {"angle": 0, "axis": "y", "origin": [0, -20.5, -1]},
			"faces": {
				"north": {"uv": [2, 2, 4, 4], "texture": "#0"},
				"east": {"uv": [0, 2, 2, 4], "texture": "#0"},
				"south": {"uv": [6, 2, 8, 4], "texture": "#0"},
				"west": {"uv": [4, 2, 6, 4], "texture": "#0"},
				"up": {"uv": [4, 2, 2, 0], "texture": "#0"},
				"down": {"uv": [6, 0, 4, 2], "texture": "#0"}
			}
		},
		{
			"name": "Hat Layer",
			"from": [3.75, 2.5, 3],
			"to": [12.75, 11.5, 12],
			"rotation": {"angle": 0, "axis": "y", "origin": [0, -20.5, -1]},
			"faces": {
				"north": {"uv": [10, 2, 12, 4], "texture": "#0"},
				"east": {"uv": [8, 2, 10, 4], "texture": "#0"},
				"south": {"uv": [14, 2, 16, 4], "texture": "#0"},
				"west": {"uv": [12, 2, 14, 4], "texture": "#0"},
				"up": {"uv": [12, 2, 10, 0], "texture": "#0"},
				"down": {"uv": [14, 0, 12, 2], "texture": "#0"}
			}
		},
		{
			"from": [0, 0, 15],
			"to": [16, 1, 16],
			"rotation": {"angle": 0, "axis": "y", "origin": [-8, 0, -8]},
			"faces": {
				"north": {"uv": [0.5, 4.75, 4, 8], "texture": "#0", "cullface": "north"},
				"east": {"uv": [0.5, 4.75, 4, 8], "texture": "#0", "cullface": "north"},
				"south": {"uv": [0.5, 4.75, 4, 8], "texture": "#0", "cullface": "north"},
				"west": {"uv": [0.5, 4.75, 4, 8], "texture": "#0", "cullface": "north"},
				"up": {"uv": [0.5, 4.75, 4, 8], "texture": "#0", "cullface": "north"},
				"down": {"uv": [0.5, 4.75, 4, 8], "texture": "#0", "cullface": "north"}
			}
		},
		{
			"from": [15, 0, 0],
			"to": [16, 16, 1],
			"rotation": {"angle": 0, "axis": "y", "origin": [-8, 0, -8]},
			"faces": {
				"north": {"uv": [0.5, 4.75, 4, 8], "texture": "#0", "cullface": "north"},
				"east": {"uv": [0.5, 4.75, 4, 8], "texture": "#0", "cullface": "north"},
				"south": {"uv": [0.5, 4.75, 4, 8], "texture": "#0", "cullface": "north"},
				"west": {"uv": [0.5, 4.75, 4, 8], "texture": "#0", "cullface": "north"},
				"up": {"uv": [0.5, 4.75, 4, 8], "texture": "#0", "cullface": "north"},
				"down": {"uv": [0.5, 4.75, 4, 8], "texture": "#0", "cullface": "north"}
			}
		},
		{
			"from": [0, 0, 15],
			"to": [1, 16, 16],
			"rotation": {"angle": 0, "axis": "y", "origin": [-8, 0, -8]},
			"faces": {
				"north": {"uv": [0.5, 4.75, 4, 8], "texture": "#0", "cullface": "north"},
				"east": {"uv": [0.5, 4.75, 4, 8], "texture": "#0", "cullface": "north"},
				"south": {"uv": [0.5, 4.75, 4, 8], "texture": "#0", "cullface": "north"},
				"west": {"uv": [0.5, 4.75, 4, 8], "texture": "#0", "cullface": "north"},
				"up": {"uv": [0.5, 4.75, 4, 8], "texture": "#0", "cullface": "north"},
				"down": {"uv": [0.5, 4.75, 4, 8], "texture": "#0", "cullface": "north"}
			}
		},
		{
			"from": [15, 0, 15],
			"to": [16, 16, 16],
			"rotation": {"angle": 0, "axis": "y", "origin": [-8, 0, -8]},
			"faces": {
				"north": {"uv": [0.5, 4.75, 4, 8], "texture": "#0", "cullface": "north"},
				"east": {"uv": [0.5, 4.75, 4, 8], "texture": "#0", "cullface": "north"},
				"south": {"uv": [0.5, 4.75, 4, 8], "texture": "#0", "cullface": "north"},
				"west": {"uv": [0.5, 4.75, 4, 8], "texture": "#0", "cullface": "north"},
				"up": {"uv": [0.5, 4.75, 4, 8], "texture": "#0", "cullface": "north"},
				"down": {"uv": [0.5, 4.75, 4, 8], "texture": "#0", "cullface": "north"}
			}
		},
		{
			"from": [0, 0, 0],
			"to": [1, 1, 16],
			"rotation": {"angle": 0, "axis": "y", "origin": [-8, 0, -8]},
			"faces": {
				"north": {"uv": [0.5, 4.75, 4, 8], "texture": "#0", "cullface": "north"},
				"east": {"uv": [0.5, 4.75, 4, 8], "texture": "#0", "cullface": "north"},
				"south": {"uv": [0.5, 4.75, 4, 8], "texture": "#0", "cullface": "north"},
				"west": {"uv": [0.5, 4.75, 4, 8], "texture": "#0", "cullface": "north"},
				"up": {"uv": [0.5, 4.75, 4, 8], "texture": "#0", "cullface": "north"},
				"down": {"uv": [0.5, 4.75, 4, 8], "texture": "#0", "cullface": "north"}
			}
		},
		{
			"from": [15, 0, 0],
			"to": [16, 1, 16],
			"rotation": {"angle": 0, "axis": "y", "origin": [-8, 0, -8]},
			"faces": {
				"north": {"uv": [0.5, 4.75, 4, 8], "texture": "#0", "cullface": "north"},
				"east": {"uv": [0.5, 4.75, 4, 8], "texture": "#0", "cullface": "north"},
				"south": {"uv": [0.5, 4.75, 4, 8], "texture": "#0", "cullface": "north"},
				"west": {"uv": [0.5, 4.75, 4, 8], "texture": "#0", "cullface": "north"},
				"up": {"uv": [0.5, 4.75, 4, 8], "texture": "#0", "cullface": "north"},
				"down": {"uv": [0.5, 4.75, 4, 8], "texture": "#0", "cullface": "north"}
			}
		},
		{
			"from": [0, 15, 0],
			"to": [1, 16, 16],
			"rotation": {"angle": 0, "axis": "y", "origin": [-8, 0, -8]},
			"faces": {
				"north": {"uv": [0.5, 4.75, 4, 8], "texture": "#0", "cullface": "north"},
				"east": {"uv": [0.5, 4.75, 4, 8], "texture": "#0", "cullface": "north"},
				"south": {"uv": [0.5, 4.75, 4, 8], "texture": "#0", "cullface": "north"},
				"west": {"uv": [0.5, 4.75, 4, 8], "texture": "#0", "cullface": "north"},
				"up": {"uv": [0.5, 4.75, 4, 8], "texture": "#0", "cullface": "north"},
				"down": {"uv": [0.5, 4.75, 4, 8], "texture": "#0", "cullface": "north"}
			}
		},
		{
			"from": [15, 15, 0],
			"to": [16, 16, 16],
			"rotation": {"angle": 0, "axis": "y", "origin": [-8, 0, -8]},
			"faces": {
				"north": {"uv": [0.5, 4.75, 4, 8], "texture": "#0", "cullface": "north"},
				"east": {"uv": [0.5, 4.75, 4, 8], "texture": "#0", "cullface": "north"},
				"south": {"uv": [0.5, 4.75, 4, 8], "texture": "#0", "cullface": "north"},
				"west": {"uv": [0.5, 4.75, 4, 8], "texture": "#0", "cullface": "north"},
				"up": {"uv": [0.5, 4.75, 4, 8], "texture": "#0", "cullface": "north"},
				"down": {"uv": [0.5, 4.75, 4, 8], "texture": "#0", "cullface": "north"}
			}
		},
		{
			"from": [0, 15, 0],
			"to": [16, 16, 1],
			"rotation": {"angle": 0, "axis": "y", "origin": [-8, 0, -8]},
			"faces": {
				"north": {"uv": [0.5, 4.75, 4, 8], "texture": "#0", "cullface": "north"},
				"east": {"uv": [0.5, 4.75, 4, 8], "texture": "#0", "cullface": "north"},
				"south": {"uv": [0.5, 4.75, 4, 8], "texture": "#0", "cullface": "north"},
				"west": {"uv": [0.5, 4.75, 4, 8], "texture": "#0", "cullface": "north"},
				"up": {"uv": [0.5, 4.75, 4, 8], "texture": "#0", "cullface": "north"},
				"down": {"uv": [0.5, 4.75, 4, 8], "texture": "#0", "cullface": "north"}
			}
		},
		{
			"from": [0, 15, 15],
			"to": [16, 16, 16],
			"rotation": {"angle": 0, "axis": "y", "origin": [-8, 0, -8]},
			"faces": {
				"north": {"uv": [0.5, 4.75, 4, 8], "texture": "#0", "cullface": "north"},
				"east": {"uv": [0.5, 4.75, 4, 8], "texture": "#0", "cullface": "north"},
				"south": {"uv": [0.5, 4.75, 4, 8], "texture": "#0", "cullface": "north"},
				"west": {"uv": [0.5, 4.75, 4, 8], "texture": "#0", "cullface": "north"},
				"up": {"uv": [0.5, 4.75, 4, 8], "texture": "#0", "cullface": "north"},
				"down": {"uv": [0.5, 4.75, 4, 8], "texture": "#0", "cullface": "north"}
			}
		},
		{
			"from": [0, 0, 0],
			"to": [16, 1, 1],
			"rotation": {"angle": 0, "axis": "y", "origin": [-8, 0, -8]},
			"faces": {
				"north": {"uv": [0.5, 4.75, 4, 8], "texture": "#0", "cullface": "north"},
				"east": {"uv": [0.5, 4.75, 4, 8], "texture": "#0", "cullface": "north"},
				"south": {"uv": [0.5, 4.75, 4, 8], "texture": "#0", "cullface": "north"},
				"west": {"uv": [0.5, 4.75, 4, 8], "texture": "#0", "cullface": "north"},
				"up": {"uv": [0.5, 4.75, 4, 8], "texture": "#0", "cullface": "north"},
				"down": {"uv": [0.5, 4.75, 4, 8], "texture": "#0", "cullface": "north"}
			}
		},
		{
			"from": [0, 0, 0],
			"to": [1, 16, 1],
			"rotation": {"angle": 0, "axis": "y", "origin": [-8, 0, -8]},
			"faces": {
				"north": {"uv": [0.5, 4.75, 4, 8], "texture": "#0", "cullface": "north"},
				"east": {"uv": [0.5, 4.75, 4, 8], "texture": "#0", "cullface": "north"},
				"south": {"uv": [0.5, 4.75, 4, 8], "texture": "#0", "cullface": "north"},
				"west": {"uv": [0.5, 4.75, 4, 8], "texture": "#0", "cullface": "north"},
				"up": {"uv": [0.5, 4.75, 4, 8], "texture": "#0", "cullface": "north"},
				"down": {"uv": [0.5, 4.75, 4, 8], "texture": "#0", "cullface": "north"}
			}
		},
		{
			"name": "glass",
			"from": [1.1, 1, 1],
			"to": [15.1, 15, 1],
			"rotation": {"angle": 0, "axis": "y", "origin": [1.1, 9, 1]},
			"faces": {
				"north": {"uv": [5.75, 8, 9.25, 4.5], "texture": "#0"},
				"east": {"uv": [5.25, 4.25, 9, 8.25], "texture": "#0"},
				"south": {"uv": [13.5, 4.25, 9.75, 8.25], "texture": "#0"},
				"west": {"uv": [10.75, 4.75, 14.5, 8.75], "texture": "#0"},
				"up": {"uv": [0, 0, 16, 16], "texture": "#0"},
				"down": {"uv": [0, 0, 16, 16], "texture": "#0"}
			}
		},
		{
			"name": "glass",
			"from": [1.1, 1, 15],
			"to": [15.1, 15, 15],
			"rotation": {"angle": 0, "axis": "y", "origin": [1.1, 9, 15]},
			"faces": {
				"north": {"uv": [9.75, 8.25, 13.5, 4.25], "texture": "#0"},
				"east": {"uv": [5.25, 4.25, 9, 8.25], "texture": "#0"},
				"south": {"uv": [5.75, 8, 9.25, 4.5], "texture": "#0"},
				"west": {"uv": [10.75, 4.75, 14.5, 8.75], "texture": "#0"},
				"up": {"uv": [0, 0, 16, 16], "texture": "#0"},
				"down": {"uv": [0, 0, 16, 16], "texture": "#0"}
			}
		},
		{
			"name": "glass",
			"from": [1.1, 1, 1],
			"to": [1.1, 15, 15],
			"rotation": {"angle": 0, "axis": "y", "origin": [1.1, 9, -1]},
			"faces": {
				"north": {"uv": [5.25, 8.25, 9, 4.25], "texture": "#0"},
				"east": {"uv": [10, 4.25, 13.75, 8.25], "texture": "#0"},
				"south": {"uv": [13.5, 4.25, 9.75, 8.25], "texture": "#0"},
				"west": {"uv": [5.75, 8, 9.25, 4.5], "texture": "#0"},
				"up": {"uv": [0, 0, 16, 16], "rotation": 270, "texture": "#0"},
				"down": {"uv": [0, 0, 16, 16], "rotation": 90, "texture": "#0"}
			}
		},
		{
			"name": "glass",
			"from": [15.1, 1, 1],
			"to": [15.1, 15, 15],
			"rotation": {"angle": 0, "axis": "y", "origin": [15.1, 9, -1]},
			"faces": {
				"north": {"uv": [5.25, 8.25, 9, 4.25], "texture": "#0"},
				"east": {"uv": [5.75, 8, 9.25, 4.5], "texture": "#0"},
				"south": {"uv": [5.25, 4.25, 9, 8.25], "texture": "#0"},
				"west": {"uv": [10, 4.25, 13.75, 8.25], "texture": "#0"},
				"up": {"uv": [5.25, 4.25, 9, 8.25], "texture": "#0"},
				"down": {"uv": [5.25, 4.25, 9, 8.25], "texture": "#0"}
			}
		},
		{
			"name": "glass",
			"from": [1.1, 15, 1],
			"to": [15.1, 15, 15],
			"rotation": {"angle": 0, "axis": "y", "origin": [1.1, 7, 1]},
			"faces": {
				"north": {"uv": [5.25, 8.25, 9, 4.25], "rotation": 180, "texture": "#0"},
				"east": {"uv": [5.25, 4.25, 9, 8.25], "texture": "#0"},
				"south": {"uv": [13.5, 4.25, 9.75, 8.25], "texture": "#0"},
				"west": {"uv": [10.75, 4.75, 14.5, 8.75], "texture": "#0"},
				"up": {"uv": [5.75, 8, 9.25, 4.5], "texture": "#0"},
				"down": {"uv": [9.75, 8.25, 13.75, 4.25], "texture": "#0"}
			}
		},
		{
			"name": "glass",
			"from": [1.1, 1, 1],
			"to": [15.1, 1, 15],
			"rotation": {"angle": 0, "axis": "y", "origin": [1.1, -7, 1]},
			"faces": {
				"north": {"uv": [5.25, 4.25, 9, 8.25], "texture": "#0"},
				"east": {"uv": [5.25, 4.25, 9, 8.25], "texture": "#0"},
				"south": {"uv": [5.25, 4.25, 9, 8.25], "texture": "#0"},
				"west": {"uv": [5.25, 4.25, 9, 8.25], "texture": "#0"},
				"up": {"uv": [9.75, 4.25, 13.5, 8.25], "texture": "#0"},
				"down": {"uv": [5.75, 8, 9.25, 4.5], "texture": "#0"}
			}
		}
	],
	"display": {
		"thirdperson_righthand": {
			"scale": [0.5, 0.5, 0.5]
		},
		"thirdperson_lefthand": {
			"scale": [0.5, 0.5, 0.5]
		},
		"firstperson_righthand": {
			"rotation": [0, 150, -20],
			"translation": [0.5, 4.75, 0],
			"scale": [0.5, 0.5, 0.5]
		},
		"firstperson_lefthand": {
			"rotation": [0, 150, -20],
			"translation": [0.5, 4.75, 0],
			"scale": [0.5, 0.5, 0.5]
		},
		"ground": {
			"translation": [0.5, 2, 0],
			"scale": [0.5, 0.5, 0.5]
		},
		"gui": {
			"rotation": [27, 151, 0],
			"translation": [0.4, 0.25, 0],
			"scale": [0.70, 0.70, 0.70]
		}
	},
	"groups": [
		{
			"name": "Head",
			"origin": [0, 24, 0],
			"color": 0,
			"children": [0, 1]
		},
		{
			"name": "frame",
			"origin": [8, 8, 8],
			"color": 0,
			"children": [2, 3, 4, 5, 6, 7, 8, 9, 10, 11, 12, 13]
		},
		{
			"name": "glass",
			"origin": [8, 8, 8],
			"color": 0,
			"children": [14, 15, 16, 17, 18, 19]
		}
	]
}