{
  "jingle_bells" : {
    "category" : "blocks",
    "subtitle" : "wgfw.jingle_bells",
    "sounds" : [
      "wgfw:jingle-bells"
    ]
  },
  "scp_096_death" : {
    "category" : "entity",
    "subtitle" : "wgfw.scp_096_death",
    "sounds" : [
      "wgfw:scp_096_death"
    ]
  },
  "scp_096_destroy" : {
    "category" : "entity",
    "subtitle" : "wgfw.scp_096_destroy",
    "sounds" : [
      "wgfw:scp_096_destroy"
    ]
  },
  "scp_096_hurt1" : {
    "category" : "entity",
    "subtitle" : "wgfw.scp_096_hurt1",
    "sounds" : [
      "wgfw:scp_096_hurt1"
    ]
  },
  "scp_096_idle1" : {
    "category" : "entity",
    "subtitle" : "wgfw.scp_096_idle1",
    "sounds" : [
      "wgfw:scp_096_idle1"
    ]
  },
  "scp_096_idle2" : {
    "category" : "entity",
    "subtitle" : "wgfw.scp_096_idle2",
    "sounds" : [
      "wgfw:scp_096_idle2"
    ]
  },
  "scp_096_idle4" : {
    "category" : "entity",
    "subtitle" : "wgfw.scp_096_idle4",
    "sounds" : [
      "wgfw:scp_096_idle4"
    ]
  },
  "scp_096_idle5" : {
    "category" : "entity",
    "subtitle" : "wgfw.scp_096_idle5",
    "sounds" : [
      "wgfw:scp_096_idle5"
    ]
  },
  "scp_096_rage" : {
    "category" : "entity",
    "subtitle" : "wgfw.scp_096_rage",
    "sounds" : [
      "wgfw:scp_096_rage"
    ]
  }
}