{
	"format_version": "1.8.0",
	"animations": {
		"walking": {
			"animation_length": 6,
			"bones": {
				"Head2": {
					"rotation": {
						"0.0": [0, 0, 0],
						"1.5": [0, 17.5, 0],
						"3.0": [0, 2.5, 0],
						"4.5": [0, -15, 0],
						"6.0": [0, 2.5, 0]
					}
				},
				"tail1": {
					"rotation": {
						"1.5": [10, 0, 0],
						"3.0": [27.5, 0, 0],
						"4.5": [17.5, 0, 0],
						"6.0": [7.5, 0, 0]
					}
				},
				"tail2": {
					"rotation": {
						"1.5": [-15, 0, 0],
						"3.0": [-40, 0, 0],
						"4.5": [-15, 0, 0],
						"6.0": [-5, 0, 0]
					}
				},
				"backLegL": {
					"rotation": {
						"0.0": [-17.5, 0, 0],
						"3.0": [27.5, 0, 0],
						"6.0": [-22.5, 0, 0]
					}
				},
				"backLegR": {
					"rotation": {
						"0.0": [27.5, 0, 0],
						"3.0": [-15, 0, 0],
						"6.0": [25, 0, 0]
					}
				},
				"frontLegL": {
					"rotation": {
						"0.0": [15, 0, 0],
						"3.0": [-15, 0, 0],
						"6.0": [17.5, 0, 0]
					}
				},
				"frontLegR": {
					"rotation": {
						"0.0": [-12.5, 0, 0],
						"3.0": [20, 0, 0],
						"6.0": [-15, 0, 0]
					}
				}
			}
		}
	},
	"geckolib_format_version": 2
}