{
	"format_version": "1.12.0",
	"minecraft:geometry": [
		{
			"description": {
				"identifier": "geometry.unknown",
				"texture_width": 16,
				"texture_height": 16,
				"visible_bounds_width": 2,
				"visible_bounds_height": 3.5,
				"visible_bounds_offset": [0, 1.25, 0]
			},
			"bones": [
				{
					"name": "testa",
					"pivot": [0, 2, 0],
					"cubes": [
						{
							"origin": [-2.1, 28, 0.1],
							"size": [2, 1, 2],
							"uv": {
								"north": {"uv": [0, 0], "uv_size": [2, 1]},
								"east": {"uv": [0, 0], "uv_size": [2, 1]},
								"south": {"uv": [0, 0], "uv_size": [2, 1]},
								"west": {"uv": [0, 0], "uv_size": [2, 1]},
								"up": {"uv": [2, 2], "uv_size": [-2, -2]},
								"down": {"uv": [2, 2], "uv_size": [-2, -2]}
							}
						},
						{
							"origin": [-2.4, 22, -0.2],
							"size": [2.6, 1, 2.6],
							"uv": {
								"north": {"uv": [0, 0], "uv_size": [2.6, 1]},
								"east": {"uv": [0, 0], "uv_size": [2.6, 1]},
								"south": {"uv": [0, 0], "uv_size": [2.6, 1]},
								"west": {"uv": [0, 0], "uv_size": [2.6, 1]},
								"up": {"uv": [2.6, 2.6], "uv_size": [-2.6, -2.6]},
								"down": {"uv": [2.6, 2.6], "uv_size": [-2.6, -2.6]}
							}
						},
						{
							"origin": [-1.5, 18.8, 5.2],
							"size": [0.6, 3, 0.6],
							"pivot": [0, 2, 0],
							"rotation": [12.5, 0, 0],
							"uv": {
								"north": {"uv": [0, 0], "uv_size": [0.6, 3]},
								"east": {"uv": [0, 0], "uv_size": [0.6, 3]},
								"south": {"uv": [0, 0], "uv_size": [0.6, 3]},
								"west": {"uv": [0, 0], "uv_size": [0.6, 3]},
								"up": {"uv": [0.6, 0.6], "uv_size": [-0.6, -0.6]},
								"down": {"uv": [0.6, 0.6], "uv_size": [-0.6, -0.6]}
							}
						},
						{
							"origin": [1.1, 10.9, 3.9],
							"size": [0.6, 6, 0.8],
							"pivot": [0, 2, 0],
							"rotation": [12.5, 0, 0],
							"uv": {
								"north": {"uv": [7.75, 7], "uv_size": [2, 0.75]},
								"east": {"uv": [7.75, 7], "uv_size": [2, 0.75]},
								"south": {"uv": [7.75, 7], "uv_size": [2, 0.75]},
								"west": {"uv": [7.75, 7], "uv_size": [2, 0.75]},
								"up": {"uv": [9.75, 7.75], "uv_size": [-2, -0.75]},
								"down": {"uv": [9.75, 7.75], "uv_size": [-2, -0.75]}
							}
						},
						{
							"origin": [1.1, 5.6, -3.7],
							"size": [0.6, 6, 0.8],
							"pivot": [0, 2, 0],
							"rotation": [-32.5, 0, 0],
							"uv": {
								"north": {"uv": [0.25, 5.5], "uv_size": [0.5, 2.5]},
								"east": {"uv": [0.25, 5.5], "uv_size": [0.5, 2.5]},
								"south": {"uv": [0.25, 5.5], "uv_size": [0.5, 2.5]},
								"west": {"uv": [0.25, 5.5], "uv_size": [0.5, 2.5]},
								"up": {"uv": [0.75, 6.75], "uv_size": [-0.5, -1.25]},
								"down": {"uv": [2.75, 4.75], "uv_size": [-0.5, -0.5]}
							}
						},
						{
							"origin": [1, 4.6, -3.7],
							"size": [0.8, 1, 0.5],
							"pivot": [0, 2, 0],
							"rotation": [-32.5, 0, 0],
							"uv": {
								"north": {"uv": [0, 0], "uv_size": [0.8, 1]},
								"east": {"uv": [0, 0], "uv_size": [0.5, 1]},
								"south": {"uv": [0, 0], "uv_size": [0.8, 1]},
								"west": {"uv": [0, 0], "uv_size": [0.5, 1]},
								"up": {"uv": [0.8, 0.5], "uv_size": [-0.8, -0.5]},
								"down": {"uv": [0.8, 0.5], "uv_size": [-0.8, -0.5]}
							}
						},
						{
							"origin": [1.8, 5.1, -2.7],
							"size": [0.2, 0.5, 0.2],
							"pivot": [0, 2.3, 0],
							"rotation": [-17.5, 0, 0],
							"uv": {
								"north": {"uv": [0, 0], "uv_size": [0.2, 0.5]},
								"east": {"uv": [0, 0], "uv_size": [0.2, 0.5]},
								"south": {"uv": [0, 0], "uv_size": [0.2, 0.5]},
								"west": {"uv": [0, 0], "uv_size": [0.2, 0.5]},
								"up": {"uv": [0.2, 0.2], "uv_size": [-0.2, -0.2]},
								"down": {"uv": [0.2, 0.2], "uv_size": [-0.2, -0.2]}
							}
						},
						{
							"origin": [1.8, 4.8, -3.5],
							"size": [0.2, 0.5, 0.2],
							"pivot": [0, 2.3, 0],
							"rotation": [-32.5, 0, 0],
							"uv": {
								"north": {"uv": [0, 0], "uv_size": [0.2, 0.5]},
								"east": {"uv": [0, 0], "uv_size": [0.2, 0.5]},
								"south": {"uv": [0, 0], "uv_size": [0.2, 0.5]},
								"west": {"uv": [0, 0], "uv_size": [0.2, 0.5]},
								"up": {"uv": [0.2, 0.2], "uv_size": [-0.2, -0.2]},
								"down": {"uv": [0.2, 0.2], "uv_size": [-0.2, -0.2]}
							}
						},
						{
							"origin": [1.5, 4.5, -3.5],
							"size": [0.2, 0.5, 0.2],
							"pivot": [-0.3, 2, 0],
							"rotation": [-32.5, 0, 0],
							"uv": {
								"north": {"uv": [0, 0], "uv_size": [0.2, 0.5]},
								"east": {"uv": [0, 0], "uv_size": [0.2, 0.5]},
								"south": {"uv": [0, 0], "uv_size": [0.2, 0.5]},
								"west": {"uv": [0, 0], "uv_size": [0.2, 0.5]},
								"up": {"uv": [0.2, 0.2], "uv_size": [-0.2, -0.2]},
								"down": {"uv": [0.2, 0.2], "uv_size": [-0.2, -0.2]}
							}
						},
						{
							"origin": [1.5, 4.8, -2.7],
							"size": [0.2, 0.5, 0.2],
							"pivot": [-0.3, 2, 0],
							"rotation": [-17.5, 0, 0],
							"uv": {
								"north": {"uv": [0, 0], "uv_size": [0.2, 0.5]},
								"east": {"uv": [0, 0], "uv_size": [0.2, 0.5]},
								"south": {"uv": [0, 0], "uv_size": [0.2, 0.5]},
								"west": {"uv": [0, 0], "uv_size": [0.2, 0.5]},
								"up": {"uv": [0.2, 0.2], "uv_size": [-0.2, -0.2]},
								"down": {"uv": [0.2, 0.2], "uv_size": [-0.2, -0.2]}
							}
						},
						{
							"origin": [1.2, 4.4, -3.5],
							"size": [0.2, 0.5, 0.2],
							"pivot": [-0.6, 1.9, 0],
							"rotation": [-32.5, 0, 0],
							"uv": {
								"north": {"uv": [0, 0], "uv_size": [0.2, 0.5]},
								"east": {"uv": [0, 0], "uv_size": [0.2, 0.5]},
								"south": {"uv": [0, 0], "uv_size": [0.2, 0.5]},
								"west": {"uv": [0, 0], "uv_size": [0.2, 0.5]},
								"up": {"uv": [0.2, 0.2], "uv_size": [-0.2, -0.2]},
								"down": {"uv": [0.2, 0.2], "uv_size": [-0.2, -0.2]}
							}
						},
						{
							"origin": [1.2, 4.7, -2.7],
							"size": [0.2, 0.5, 0.2],
							"pivot": [-0.6, 1.9, 0],
							"rotation": [-17.5, 0, 0],
							"uv": {
								"north": {"uv": [0, 0], "uv_size": [0.2, 0.5]},
								"east": {"uv": [0, 0], "uv_size": [0.2, 0.5]},
								"south": {"uv": [0, 0], "uv_size": [0.2, 0.5]},
								"west": {"uv": [0, 0], "uv_size": [0.2, 0.5]},
								"up": {"uv": [0.2, 0.2], "uv_size": [-0.2, -0.2]},
								"down": {"uv": [0.2, 0.2], "uv_size": [-0.2, -0.2]}
							}
						},
						{
							"origin": [0.9, 4.6, -3.5],
							"size": [0.2, 0.5, 0.2],
							"pivot": [-0.9, 2.1, 0],
							"rotation": [-32.5, 0, 0],
							"uv": {
								"north": {"uv": [0, 0], "uv_size": [0.2, 0.5]},
								"east": {"uv": [0, 0], "uv_size": [0.2, 0.5]},
								"south": {"uv": [0, 0], "uv_size": [0.2, 0.5]},
								"west": {"uv": [0, 0], "uv_size": [0.2, 0.5]},
								"up": {"uv": [0.2, 0.2], "uv_size": [-0.2, -0.2]},
								"down": {"uv": [0.2, 0.2], "uv_size": [-0.2, -0.2]}
							}
						},
						{
							"origin": [0.9, 4.9, -2.7],
							"size": [0.2, 0.5, 0.2],
							"pivot": [-0.9, 2.1, 0],
							"rotation": [-17.5, 0, 0],
							"uv": {
								"north": {"uv": [0, 0], "uv_size": [0.2, 0.5]},
								"east": {"uv": [0, 0], "uv_size": [0.2, 0.5]},
								"south": {"uv": [0, 0], "uv_size": [0.2, 0.5]},
								"west": {"uv": [0, 0], "uv_size": [0.2, 0.5]},
								"up": {"uv": [0.2, 0.2], "uv_size": [-0.2, -0.2]},
								"down": {"uv": [0.2, 0.2], "uv_size": [-0.2, -0.2]}
							}
						},
						{
							"origin": [-4, 4.6, -3.7],
							"size": [0.8, 1, 0.5],
							"pivot": [-5, 2, 0],
							"rotation": [-32.5, 0, 0],
							"uv": {
								"north": {"uv": [0, 0], "uv_size": [0.8, 1]},
								"east": {"uv": [0, 0], "uv_size": [0.5, 1]},
								"south": {"uv": [0, 0], "uv_size": [0.8, 1]},
								"west": {"uv": [0, 0], "uv_size": [0.5, 1]},
								"up": {"uv": [0.8, 0.5], "uv_size": [-0.8, -0.5]},
								"down": {"uv": [0.8, 0.5], "uv_size": [-0.8, -0.5]}
							}
						},
						{
							"origin": [-4.1, 5, -2.7],
							"size": [0.2, 0.5, 0.2],
							"pivot": [-5.9, 2.2, 0],
							"rotation": [-17.5, 0, 0],
							"uv": {
								"north": {"uv": [0, 0], "uv_size": [0.2, 0.5]},
								"east": {"uv": [0, 0], "uv_size": [0.2, 0.5]},
								"south": {"uv": [0, 0], "uv_size": [0.2, 0.5]},
								"west": {"uv": [0, 0], "uv_size": [0.2, 0.5]},
								"up": {"uv": [0.2, 0.2], "uv_size": [-0.2, -0.2]},
								"down": {"uv": [0.2, 0.2], "uv_size": [-0.2, -0.2]}
							}
						},
						{
							"origin": [-3.8, 4.7, -2.7],
							"size": [0.2, 0.5, 0.2],
							"pivot": [-5.6, 1.9, 0],
							"rotation": [-17.5, 0, 0],
							"uv": {
								"north": {"uv": [0, 0], "uv_size": [0.2, 0.5]},
								"east": {"uv": [0, 0], "uv_size": [0.2, 0.5]},
								"south": {"uv": [0, 0], "uv_size": [0.2, 0.5]},
								"west": {"uv": [0, 0], "uv_size": [0.2, 0.5]},
								"up": {"uv": [0.2, 0.2], "uv_size": [-0.2, -0.2]},
								"down": {"uv": [0.2, 0.2], "uv_size": [-0.2, -0.2]}
							}
						},
						{
							"origin": [-3.5, 4.8, -2.7],
							"size": [0.2, 0.5, 0.2],
							"pivot": [-5.3, 2, 0],
							"rotation": [-17.5, 0, 0],
							"uv": {
								"north": {"uv": [0, 0], "uv_size": [0.2, 0.5]},
								"east": {"uv": [0, 0], "uv_size": [0.2, 0.5]},
								"south": {"uv": [0, 0], "uv_size": [0.2, 0.5]},
								"west": {"uv": [0, 0], "uv_size": [0.2, 0.5]},
								"up": {"uv": [0.2, 0.2], "uv_size": [-0.2, -0.2]},
								"down": {"uv": [0.2, 0.2], "uv_size": [-0.2, -0.2]}
							}
						},
						{
							"origin": [-3.2, 4.9, -2.7],
							"size": [0.2, 0.5, 0.2],
							"pivot": [-5, 2.1, 0],
							"rotation": [-17.5, 0, 0],
							"uv": {
								"north": {"uv": [0, 0], "uv_size": [0.2, 0.5]},
								"east": {"uv": [0, 0], "uv_size": [0.2, 0.5]},
								"south": {"uv": [0, 0], "uv_size": [0.2, 0.5]},
								"west": {"uv": [0, 0], "uv_size": [0.2, 0.5]},
								"up": {"uv": [0.2, 0.2], "uv_size": [-0.2, -0.2]},
								"down": {"uv": [0.2, 0.2], "uv_size": [-0.2, -0.2]}
							}
						},
						{
							"origin": [-3.2, 4.6, -3.5],
							"size": [0.2, 0.5, 0.2],
							"pivot": [-5, 2.1, 0],
							"rotation": [-32.5, 0, 0],
							"uv": {
								"north": {"uv": [0, 0], "uv_size": [0.2, 0.5]},
								"east": {"uv": [0, 0], "uv_size": [0.2, 0.5]},
								"south": {"uv": [0, 0], "uv_size": [0.2, 0.5]},
								"west": {"uv": [0, 0], "uv_size": [0.2, 0.5]},
								"up": {"uv": [0.2, 0.2], "uv_size": [-0.2, -0.2]},
								"down": {"uv": [0.2, 0.2], "uv_size": [-0.2, -0.2]}
							}
						},
						{
							"origin": [-3.5, 4.5, -3.5],
							"size": [0.2, 0.5, 0.2],
							"pivot": [-5.3, 2, 0],
							"rotation": [-32.5, 0, 0],
							"uv": {
								"north": {"uv": [0, 0], "uv_size": [0.2, 0.5]},
								"east": {"uv": [0, 0], "uv_size": [0.2, 0.5]},
								"south": {"uv": [0, 0], "uv_size": [0.2, 0.5]},
								"west": {"uv": [0, 0], "uv_size": [0.2, 0.5]},
								"up": {"uv": [0.2, 0.2], "uv_size": [-0.2, -0.2]},
								"down": {"uv": [0.2, 0.2], "uv_size": [-0.2, -0.2]}
							}
						},
						{
							"origin": [-3.8, 4.4, -3.5],
							"size": [0.2, 0.5, 0.2],
							"pivot": [-5.6, 1.9, 0],
							"rotation": [-32.5, 0, 0],
							"uv": {
								"north": {"uv": [0, 0], "uv_size": [0.2, 0.5]},
								"east": {"uv": [0, 0], "uv_size": [0.2, 0.5]},
								"south": {"uv": [0, 0], "uv_size": [0.2, 0.5]},
								"west": {"uv": [0, 0], "uv_size": [0.2, 0.5]},
								"up": {"uv": [0.2, 0.2], "uv_size": [-0.2, -0.2]},
								"down": {"uv": [0.2, 0.2], "uv_size": [-0.2, -0.2]}
							}
						},
						{
							"origin": [-4.1, 4.7, -3.5],
							"size": [0.2, 0.5, 0.2],
							"pivot": [-5.9, 2.2, 0],
							"rotation": [-32.5, 0, 0],
							"uv": {
								"north": {"uv": [0, 0], "uv_size": [0.2, 0.5]},
								"east": {"uv": [0, 0], "uv_size": [0.2, 0.5]},
								"south": {"uv": [0, 0], "uv_size": [0.2, 0.5]},
								"west": {"uv": [0, 0], "uv_size": [0.2, 0.5]},
								"up": {"uv": [0.2, 0.2], "uv_size": [-0.2, -0.2]},
								"down": {"uv": [0.2, 0.2], "uv_size": [-0.2, -0.2]}
							}
						},
						{
							"origin": [-3.9, 5.6, -3.7],
							"size": [0.6, 6, 0.8],
							"pivot": [-5, 2, 0],
							"rotation": [-32.5, 0, 0],
							"uv": {
								"north": {"uv": [0.25, 5.5], "uv_size": [0.5, 2.5]},
								"east": {"uv": [0.25, 5.5], "uv_size": [0.5, 2.5]},
								"south": {"uv": [0.25, 5.5], "uv_size": [0.5, 2.5]},
								"west": {"uv": [0.25, 5.5], "uv_size": [0.5, 2.5]},
								"up": {"uv": [0.75, 6.75], "uv_size": [-0.5, -1.25]},
								"down": {"uv": [2.75, 4.75], "uv_size": [-0.5, -0.5]}
							}
						},
						{
							"origin": [-3.9, 10.9, 3.9],
							"size": [0.6, 6, 0.8],
							"pivot": [-5, 2, 0],
							"rotation": [12.5, 0, 0],
							"uv": {
								"north": {"uv": [7.75, 7], "uv_size": [2, 0.75]},
								"east": {"uv": [7.75, 7], "uv_size": [2, 0.75]},
								"south": {"uv": [7.75, 7], "uv_size": [2, 0.75]},
								"west": {"uv": [7.75, 7], "uv_size": [2, 0.75]},
								"up": {"uv": [9.75, 7.75], "uv_size": [-2, -0.75]},
								"down": {"uv": [9.75, 7.75], "uv_size": [-2, -0.75]}
							}
						},
						{
							"origin": [-1.5, 17.3, -4.7],
							"size": [0.6, 2, 0.6],
							"pivot": [0, 2, 0],
							"rotation": [-20, 0, 0],
							"uv": {
								"north": {"uv": [0, 0], "uv_size": [0.6, 2]},
								"east": {"uv": [0, 0], "uv_size": [0.6, 2]},
								"south": {"uv": [0, 0], "uv_size": [0.6, 2]},
								"west": {"uv": [0, 0], "uv_size": [0.6, 2]},
								"up": {"uv": [0.6, 0.6], "uv_size": [-0.6, -0.6]},
								"down": {"uv": [0.6, 0.6], "uv_size": [-0.6, -0.6]}
							}
						},
						{
							"origin": [-2.4, 27, -0.2],
							"size": [2.6, 1, 2.6],
							"uv": {
								"north": {"uv": [0, 0], "uv_size": [2.6, 1]},
								"east": {"uv": [0, 0], "uv_size": [2.6, 1]},
								"south": {"uv": [0, 0], "uv_size": [2.6, 1]},
								"west": {"uv": [0, 0], "uv_size": [2.6, 1]},
								"up": {"uv": [2.6, 2.6], "uv_size": [-2.6, -2.6]},
								"down": {"uv": [2.6, 2.6], "uv_size": [-2.6, -2.6]}
							}
						},
						{
							"origin": [-2.6, 23, -0.4],
							"size": [3, 1, 3],
							"uv": {
								"north": {"uv": [0, 0], "uv_size": [3, 1]},
								"east": {"uv": [0, 0], "uv_size": [3, 1]},
								"south": {"uv": [0, 0], "uv_size": [3, 1]},
								"west": {"uv": [0, 0], "uv_size": [3, 1]},
								"up": {"uv": [3, 3], "uv_size": [-3, -3]},
								"down": {"uv": [3, 3], "uv_size": [-3, -3]}
							}
						},
						{
							"origin": [-2.6, 23, -0.4],
							"size": [3, 1, 0],
							"uv": {
								"north": {"uv": [0, 8.06467], "uv_size": [16, 7.93533]},
								"east": {"uv": [0, 0], "uv_size": [0, 1]},
								"south": {"uv": [0, 8.125], "uv_size": [16, 7.875]},
								"west": {"uv": [0, 0], "uv_size": [0, 1]},
								"up": {"uv": [3, 0], "uv_size": [-3, 0]},
								"down": {"uv": [3, 0], "uv_size": [-3, 0]}
							}
						},
						{
							"origin": [-2.6, 26, -0.4],
							"size": [3, 1, 3],
							"uv": {
								"north": {"uv": [0, 0], "uv_size": [3, 1]},
								"east": {"uv": [0, 0], "uv_size": [3, 1]},
								"south": {"uv": [0, 0], "uv_size": [3, 1]},
								"west": {"uv": [0, 0], "uv_size": [3, 1]},
								"up": {"uv": [3, 3], "uv_size": [-3, -3]},
								"down": {"uv": [3, 3], "uv_size": [-3, -3]}
							}
						},
						{
							"origin": [-2.9, 24, -0.7],
							"size": [3.6, 1, 3.6],
							"uv": {
								"north": {"uv": [0, 0], "uv_size": [3.6, 1]},
								"east": {"uv": [0, 0], "uv_size": [3.6, 1]},
								"south": {"uv": [0, 0], "uv_size": [3.6, 1]},
								"west": {"uv": [0, 0], "uv_size": [3.6, 1]},
								"up": {"uv": [3.6, 3.6], "uv_size": [-3.6, -3.6]},
								"down": {"uv": [3.6, 3.6], "uv_size": [-3.6, -3.6]}
							}
						},
						{
							"origin": [-2.9, 25, -0.7],
							"size": [3.6, 1, 3.6],
							"uv": {
								"north": {"uv": [0, 0], "uv_size": [3.6, 1]},
								"east": {"uv": [0, 0], "uv_size": [3.6, 1]},
								"south": {"uv": [0.375, 0.125], "uv_size": [2.975, 1.125]},
								"west": {"uv": [0, 0], "uv_size": [3.6, 1]},
								"up": {"uv": [3.6, 3.225], "uv_size": [-3.6, -3.225]},
								"down": {"uv": [3.6, 3.6], "uv_size": [-3.6, -3.6]}
							}
						},
						{
							"origin": [-0.2, 24.8, -1],
							"size": [0.3, 1, 0.3],
							"uv": {
								"north": {"uv": [5.75, 0.375], "uv_size": [-0.95, 0.75]},
								"east": {"uv": [4.125, 0.25], "uv_size": [0.3, 1]},
								"south": {"uv": [4.125, 0.25], "uv_size": [0.3, 1]},
								"west": {"uv": [4.125, 0.375], "uv_size": [0.3, 1]},
								"up": {"uv": [4.3, 0.675], "uv_size": [-0.3, -0.3]},
								"down": {"uv": [4.3, 0.55], "uv_size": [-0.3, -0.3]}
							}
						},
						{
							"origin": [-0.9, 24.8, -1],
							"size": [0.3, 1, 0.3],
							"uv": {
								"north": {"uv": [4.625, 0], "uv_size": [0.3, 1]},
								"east": {"uv": [4.125, 0.25], "uv_size": [0.3, 1]},
								"south": {"uv": [4.125, 0.25], "uv_size": [0.3, 1]},
								"west": {"uv": [4.125, 0.375], "uv_size": [0.3, 1]},
								"up": {"uv": [4.3, 0.675], "uv_size": [-0.3, -0.3]},
								"down": {"uv": [4.3, 0.55], "uv_size": [-0.3, -0.3]}
							}
						},
						{
							"origin": [-0.6, 24.8, -1],
							"size": [0.4, 0.3, 0.3],
							"uv": {
								"north": {"uv": [5.125, 0.5], "uv_size": [0.4, 0.3]},
								"east": {"uv": [4.125, 0.25], "uv_size": [0.3, 0.3]},
								"south": {"uv": [4.125, 0.25], "uv_size": [0.4, 0.3]},
								"west": {"uv": [4.125, 0.375], "uv_size": [0.3, 0.3]},
								"up": {"uv": [4.4, 0.675], "uv_size": [-0.4, -0.3]},
								"down": {"uv": [4.4, 0.55], "uv_size": [-0.4, -0.3]}
							}
						},
						{
							"origin": [-0.6, 25.5, -1],
							"size": [0.4, 0.3, 0.3],
							"uv": {
								"north": {"uv": [4, 0.5], "uv_size": [0.4, 0.3]},
								"east": {"uv": [4.125, 0.25], "uv_size": [0.3, 0.3]},
								"south": {"uv": [4.125, 0.25], "uv_size": [0.4, 0.3]},
								"west": {"uv": [4.125, 0.375], "uv_size": [0.3, 0.3]},
								"up": {"uv": [4.4, 0.675], "uv_size": [-0.4, -0.3]},
								"down": {"uv": [4.4, 0.55], "uv_size": [-0.4, -0.3]}
							}
						},
						{
							"origin": [-0.6, 25.1, -1],
							"size": [0.4, 0.4, 0.3],
							"uv": {
								"north": {"uv": [4.75, 2.125], "uv_size": [0.4, 0.4]},
								"east": {"uv": [0, 0], "uv_size": [0.3, 0.4]},
								"south": {"uv": [0, 0], "uv_size": [0.4, 0.4]},
								"west": {"uv": [0, 0], "uv_size": [0.3, 0.4]},
								"up": {"uv": [0.4, 0.3], "uv_size": [-0.4, -0.3]},
								"down": {"uv": [0.4, 0.3], "uv_size": [-0.4, -0.3]}
							}
						},
						{
							"origin": [0.1, 25.1, -1],
							"size": [0.6, 0.4, 0.3],
							"uv": {
								"north": {"uv": [4, 0.5], "uv_size": [0.6, 0.4]},
								"east": {"uv": [4.125, 0.25], "uv_size": [0.3, 0.4]},
								"south": {"uv": [4.125, 0.25], "uv_size": [0.6, 0.4]},
								"west": {"uv": [4.125, 0.375], "uv_size": [0.3, 0.4]},
								"up": {"uv": [4.6, 0.675], "uv_size": [-0.6, -0.3]},
								"down": {"uv": [4.6, 0.55], "uv_size": [-0.6, -0.3]}
							}
						},
						{
							"origin": [-3, 25.1, 2.7],
							"size": [3.8, 0.4, 0.3],
							"uv": {
								"north": {"uv": [4, 0.5], "uv_size": [3.05, 0.275]},
								"east": {"uv": [4.125, 0.25], "uv_size": [0.3, 0.4]},
								"south": {"uv": [4.125, 0.25], "uv_size": [3.05, 0.525]},
								"west": {"uv": [4.125, 0.375], "uv_size": [0.3, 0.4]},
								"up": {"uv": [7.175, 0.925], "uv_size": [-3.175, -0.55]},
								"down": {"uv": [7.175, 0.675], "uv_size": [-3.175, -0.425]}
							}
						},
						{
							"origin": [-1.4, 25.1, -1],
							"size": [0.6, 0.4, 0.3],
							"uv": {
								"north": {"uv": [4, 0.5], "uv_size": [0.6, 0.4]},
								"east": {"uv": [4.125, 0.25], "uv_size": [0.3, 0.4]},
								"south": {"uv": [4.125, 0.25], "uv_size": [0.6, 0.4]},
								"west": {"uv": [4.125, 0.375], "uv_size": [0.3, 0.4]},
								"up": {"uv": [4.6, 0.675], "uv_size": [-0.6, -0.3]},
								"down": {"uv": [4.6, 0.55], "uv_size": [-0.6, -0.3]}
							}
						},
						{
							"origin": [-2.9, 25.1, -1],
							"size": [0.6, 0.4, 0.3],
							"uv": {
								"north": {"uv": [4, 0.5], "uv_size": [0.6, 0.4]},
								"east": {"uv": [4.125, 0.25], "uv_size": [0.3, 0.4]},
								"south": {"uv": [4.125, 0.25], "uv_size": [0.6, 0.4]},
								"west": {"uv": [4.125, 0.375], "uv_size": [0.3, 0.4]},
								"up": {"uv": [4.6, 0.675], "uv_size": [-0.6, -0.3]},
								"down": {"uv": [4.6, 0.55], "uv_size": [-0.6, -0.3]}
							}
						},
						{
							"origin": [-3, 25.1, -1],
							"size": [0.3, 0.4, 3.9],
							"uv": {
								"north": {"uv": [4, 0.5], "uv_size": [0.3, 0.4]},
								"east": {"uv": [4.125, 0.25], "uv_size": [2.525, 0.525]},
								"south": {"uv": [4.125, 0.25], "uv_size": [0.3, 0.4]},
								"west": {"uv": [4.125, 0.375], "uv_size": [2.775, 0.525]},
								"up": {"uv": [7.175, 1.025], "uv_size": [-3.175, -0.65]},
								"down": {"uv": [6.925, 0.775], "uv_size": [-2.925, -0.525]}
							}
						},
						{
							"origin": [0.5, 25.1, -1],
							"size": [0.3, 0.4, 3.9],
							"uv": {
								"north": {"uv": [4, 0.5], "uv_size": [0.3, 0.4]},
								"east": {"uv": [4.125, 0.25], "uv_size": [2.9, 0.525]},
								"south": {"uv": [4.125, 0.25], "uv_size": [0.3, 0.4]},
								"west": {"uv": [4.125, 0.375], "uv_size": [2.9, 0.4]},
								"up": {"uv": [7.175, 0.9], "uv_size": [-3.175, -0.525]},
								"down": {"uv": [6.05, 0.775], "uv_size": [-2.05, -0.525]}
							}
						},
						{
							"origin": [-2.4, 24.8, -1],
							"size": [0.3, 1, 0.3],
							"uv": {
								"north": {"uv": [5, 0.125], "uv_size": [0.3, 1]},
								"east": {"uv": [4.125, 0.25], "uv_size": [0.3, 1]},
								"south": {"uv": [4.125, 0.25], "uv_size": [0.3, 1]},
								"west": {"uv": [4.125, 0.375], "uv_size": [0.3, 1]},
								"up": {"uv": [4.3, 0.675], "uv_size": [-0.3, -0.3]},
								"down": {"uv": [4.3, 0.55], "uv_size": [-0.3, -0.3]}
							}
						},
						{
							"origin": [-2.1, 25.5, -1],
							"size": [0.4, 0.3, 0.3],
							"uv": {
								"north": {"uv": [4, 0.5], "uv_size": [0.4, 0.3]},
								"east": {"uv": [4.125, 0.25], "uv_size": [0.3, 0.3]},
								"south": {"uv": [4.125, 0.25], "uv_size": [0.4, 0.3]},
								"west": {"uv": [4.125, 0.375], "uv_size": [0.3, 0.3]},
								"up": {"uv": [4.4, 0.675], "uv_size": [-0.4, -0.3]},
								"down": {"uv": [4.4, 0.55], "uv_size": [-0.4, -0.3]}
							}
						},
						{
							"origin": [-1.7, 24.8, -1],
							"size": [0.3, 1, 0.3],
							"uv": {
								"north": {"uv": [5, 0.25], "uv_size": [0.3, 1]},
								"east": {"uv": [4.125, 0.25], "uv_size": [0.3, 1]},
								"south": {"uv": [4.125, 0.25], "uv_size": [0.3, 1]},
								"west": {"uv": [4.125, 0.375], "uv_size": [0.3, 1]},
								"up": {"uv": [4.3, 0.675], "uv_size": [-0.3, -0.3]},
								"down": {"uv": [4.925, 0.55], "uv_size": [-0.3, -0.3]}
							}
						},
						{
							"origin": [-2.1, 25.1, -1],
							"size": [0.4, 0.4, 0.3],
							"uv": {
								"north": {"uv": [5.75, 2.125], "uv_size": [0.4, 0.4]},
								"east": {"uv": [0, 0], "uv_size": [0.3, 0.4]},
								"south": {"uv": [0, 0], "uv_size": [0.4, 0.4]},
								"west": {"uv": [5.375, 2.5], "uv_size": [0.3, 0.4]},
								"up": {"uv": [0.4, 0.3], "uv_size": [-0.4, -0.3]},
								"down": {"uv": [0.4, 0.3], "uv_size": [-0.4, -0.3]}
							}
						},
						{
							"origin": [-2.1, 24.8, -1],
							"size": [0.4, 0.3, 0.3],
							"uv": {
								"north": {"uv": [4, 0.5], "uv_size": [0.4, 0.3]},
								"east": {"uv": [4.125, 0.25], "uv_size": [0.3, 0.3]},
								"south": {"uv": [4.125, 0.25], "uv_size": [0.4, 0.3]},
								"west": {"uv": [4.125, 0.375], "uv_size": [0.3, 0.3]},
								"up": {"uv": [4.4, 0.675], "uv_size": [-0.4, -0.3]},
								"down": {"uv": [4.4, 0.55], "uv_size": [-0.4, -0.3]}
							}
						}
					]
				},
				{
					"name": "corpo",
					"pivot": [0, 0, 0],
					"cubes": [
						{
							"origin": [-3.5, 15, -3.6],
							"size": [4.6, 3, 4.6],
							"pivot": [0, 2, 0],
							"rotation": [-10, 0, 0],
							"uv": {
								"north": {"uv": [5, 5], "uv_size": [2, 0.75]},
								"east": {"uv": [7.75, 7], "uv_size": [2, 0.75]},
								"south": {"uv": [7.5, 6.75], "uv_size": [2, 0.75]},
								"west": {"uv": [7.75, 7], "uv_size": [2, 0.75]},
								"up": {"uv": [7, 5.25], "uv_size": [-2, -0.75]},
								"down": {"uv": [7, 7.5], "uv_size": [-2, -0.75]}
							}
						},
						{
							"origin": [-3, 13.1, -2.3],
							"size": [3.6, 3, 3.6],
							"pivot": [0, 2, 0],
							"rotation": [-7.5, 0, 0],
							"uv": {
								"north": {"uv": [5, 5.75], "uv_size": [2, 0.75]},
								"east": {"uv": [7.75, 7], "uv_size": [2, 0.75]},
								"south": {"uv": [7.75, 7], "uv_size": [2, 0.75]},
								"west": {"uv": [7.75, 7], "uv_size": [2, 0.75]},
								"up": {"uv": [9.75, 7.75], "uv_size": [-2, -0.75]},
								"down": {"uv": [9.75, 7.75], "uv_size": [-2, -0.75]}
							}
						},
						{
							"origin": [-3, 13.1, -3],
							"size": [3.6, 3, 0],
							"pivot": [0, 2, 0],
							"rotation": [-7.5, 0, 0],
							"uv": {
								"north": {"uv": [5, 5.75], "uv_size": [2, 0.75]},
								"east": {"uv": [7.75, 7], "uv_size": [2, 0.75]},
								"south": {"uv": [11.5, 5], "uv_size": [2, 0.75]},
								"west": {"uv": [7.75, 7], "uv_size": [2, 0.75]},
								"up": {"uv": [9.75, 7.75], "uv_size": [-2, -0.75]},
								"down": {"uv": [9.75, 7.75], "uv_size": [-2, -0.75]}
							}
						},
						{
							"origin": [-2.4, 11.5, -0.9],
							"size": [2.6, 3, 2.6],
							"pivot": [0, 2, 0],
							"rotation": [-2.5, 0, 0],
							"uv": {
								"north": {"uv": [7.75, 7], "uv_size": [2, 0.75]},
								"east": {"uv": [7.75, 7], "uv_size": [2, 0.75]},
								"south": {"uv": [11.5, 5], "uv_size": [2, 0.75]},
								"west": {"uv": [7.75, 7], "uv_size": [2, 0.75]},
								"up": {"uv": [9.75, 7.75], "uv_size": [-2, -0.75]},
								"down": {"uv": [9.75, 7.75], "uv_size": [-2, -0.75]}
							}
						},
						{
							"origin": [-1.9, 8.9, 1],
							"size": [1.6, 3, 1.6],
							"pivot": [0, 2, 0],
							"rotation": [5, 0, 0],
							"uv": {
								"north": {"uv": [7.75, 7], "uv_size": [2, 0.75]},
								"east": {"uv": [7.75, 7], "uv_size": [2, 0.75]},
								"south": {"uv": [7.75, 7], "uv_size": [2, 0.75]},
								"west": {"uv": [7.75, 7], "uv_size": [2, 0.75]},
								"up": {"uv": [9.75, 7.75], "uv_size": [-2, -0.75]},
								"down": {"uv": [9.75, 7.75], "uv_size": [-2, -0.75]}
							}
						}
					]
				},
				{
					"name": "gambe",
					"pivot": [0, 0, 0],
					"cubes": [
						{
							"origin": [-0.3, 4.2, -0.4],
							"size": [0.6, 6, 0.6],
							"pivot": [-0.1, 2, 0],
							"rotation": [-10, 0, 0],
							"uv": {
								"north": {"uv": [7.75, 7], "uv_size": [2, 0.75]},
								"east": {"uv": [7.75, 7], "uv_size": [2, 0.75]},
								"south": {"uv": [7.75, 7], "uv_size": [2, 0.75]},
								"west": {"uv": [7.75, 7], "uv_size": [2, 0.75]},
								"up": {"uv": [9.75, 7.75], "uv_size": [-2, -0.75]},
								"down": {"uv": [9.75, 7.75], "uv_size": [-2, -0.75]}
							}
						},
						{
							"origin": [-2.5, 4.2, -0.4],
							"size": [0.6, 6, 0.6],
							"pivot": [-2.3, 2, 0],
							"rotation": [-10, 0, 0],
							"uv": {
								"north": {"uv": [7.75, 7], "uv_size": [2, 0.75]},
								"east": {"uv": [7.75, 7], "uv_size": [2, 0.75]},
								"south": {"uv": [7.75, 7], "uv_size": [2, 0.75]},
								"west": {"uv": [7.75, 7], "uv_size": [2, 0.75]},
								"up": {"uv": [9.75, 7.75], "uv_size": [-2, -0.75]},
								"down": {"uv": [9.75, 7.75], "uv_size": [-2, -0.75]}
							}
						},
						{
							"origin": [-2.5, 2.2, 0.5],
							"size": [0.6, 2, 0.6],
							"pivot": [-2.3, 2, 0],
							"rotation": [12.5, 0, 0],
							"uv": {
								"north": {"uv": [0, 0], "uv_size": [0.6, 2]},
								"east": {"uv": [0, 0], "uv_size": [0.6, 2]},
								"south": {"uv": [0, 0], "uv_size": [0.6, 2]},
								"west": {"uv": [0, 0], "uv_size": [0.6, 2]},
								"up": {"uv": [0.6, 0.6], "uv_size": [-0.6, -0.6]},
								"down": {"uv": [0.6, 0.6], "uv_size": [-0.6, -0.6]}
							}
						},
						{
							"origin": [-0.3, 2.2, 0.5],
							"size": [0.6, 2, 0.6],
							"pivot": [-0.1, 2, 0],
							"rotation": [12.5, 0, 0],
							"uv": {
								"north": {"uv": [0, 0], "uv_size": [0.6, 2]},
								"east": {"uv": [0, 0], "uv_size": [0.6, 2]},
								"south": {"uv": [0, 0], "uv_size": [0.6, 2]},
								"west": {"uv": [0, 0], "uv_size": [0.6, 2]},
								"up": {"uv": [0.6, 0.6], "uv_size": [-0.6, -0.6]},
								"down": {"uv": [0.6, 0.6], "uv_size": [-0.6, -0.6]}
							}
						},
						{
							"origin": [0.3, 2.2, -1.4],
							"size": [0.4, 0.5, 2.5],
							"pivot": [-0.1, 2, 0],
							"rotation": [12.5, 0, 0],
							"uv": {
								"north": {"uv": [0, 0], "uv_size": [0.4, 0.5]},
								"east": {"uv": [0, 0], "uv_size": [2.5, 0.5]},
								"south": {"uv": [0, 0], "uv_size": [0.4, 0.5]},
								"west": {"uv": [0, 0], "uv_size": [2.5, 0.5]},
								"up": {"uv": [0.4, 2.5], "uv_size": [-0.4, -2.5]},
								"down": {"uv": [0.4, 2.5], "uv_size": [-0.4, -2.5]}
							}
						},
						{
							"origin": [-0.7, 2.2, -1.4],
							"size": [0.4, 0.5, 2.5],
							"pivot": [-0.1, 2, 0],
							"rotation": [12.5, 0, 0],
							"uv": {
								"north": {"uv": [0, 0], "uv_size": [0.4, 0.5]},
								"east": {"uv": [0, 0], "uv_size": [2.5, 0.5]},
								"south": {"uv": [0, 0], "uv_size": [0.4, 0.5]},
								"west": {"uv": [0, 0], "uv_size": [2.5, 0.5]},
								"up": {"uv": [0.4, 2.5], "uv_size": [-0.4, -2.5]},
								"down": {"uv": [0.4, 2.5], "uv_size": [-0.4, -2.5]}
							}
						},
						{
							"origin": [-2.9, 2.2, -1.4],
							"size": [0.4, 0.5, 2.5],
							"pivot": [-0.1, 2, 0],
							"rotation": [12.5, 0, 0],
							"uv": {
								"north": {"uv": [0, 0], "uv_size": [0.4, 0.5]},
								"east": {"uv": [0, 0], "uv_size": [2.5, 0.5]},
								"south": {"uv": [0, 0], "uv_size": [0.4, 0.5]},
								"west": {"uv": [0, 0], "uv_size": [2.5, 0.5]},
								"up": {"uv": [0.4, 2.5], "uv_size": [-0.4, -2.5]},
								"down": {"uv": [0.4, 2.5], "uv_size": [-0.4, -2.5]}
							}
						},
						{
							"origin": [-1.9, 2.2, -1.4],
							"size": [0.4, 0.5, 2.5],
							"pivot": [-0.1, 2, 0],
							"rotation": [12.5, 0, 0],
							"uv": {
								"north": {"uv": [0, 0], "uv_size": [0.4, 0.5]},
								"east": {"uv": [0, 0], "uv_size": [2.5, 0.5]},
								"south": {"uv": [0, 0], "uv_size": [0.4, 0.5]},
								"west": {"uv": [0, 0], "uv_size": [2.5, 0.5]},
								"up": {"uv": [0.4, 2.5], "uv_size": [-0.4, -2.5]},
								"down": {"uv": [0.4, 2.5], "uv_size": [-0.4, -2.5]}
							}
						}
					]
				}
			]
		}
	]
}