{
	"format_version": "1.8.0",
	"animations": {
		"base_posing": {
			"loop": true,
			"animation_length": 18,
			"bones": {
				"head": {
					"position": [0, "Math.sin(query.anim_time * 20 * 4) * 1.6", 0]
				},
				"subantenna": {
					"rotation": [0, 0, "-20 + Math.sin(query.anim_time * 10 * 4) * 20"]
				},
				"notalaser_beam": {
					"scale": [1, 1, 0]
				},
				"flame": {
					"position": [0, 0, -3.25]
				},
				"eye": {
					"rotation": {
						"0.0": [0, 0, 0],
						"1.0": [0, 0, 0],
						"1.5167": [0, 0, 90],
						"11.1167": [0, 0, 180],
						"11.6333": [0, 0, 90],
						"17.5167": [0, 0, 90],
						"18.0": [0, 0, 0],
						"2.5167": [0, 0, 90],
						"3.0": [0, 0, 0],
						"5.0": [0, 0, 0],
						"5.5167": [0, 0, 90],
						"8.0": [0, 0, 90],
						"8.5167": [0, 0, 180]
					}
				},
				"midlin1": {
					"rotation": {
						"0.0": [0, 10, 0],
						"1.9667": [10, -5, 0],
						"14.6333": [0, 0, 30],
						"18.0": [0, 10, 0],
						"3.5667": [-10, -15, 0],
						"6.5167": [0, 30, 5]
					}
				},
				"midlin2": {
					"rotation": {
						"0.0": [0, 0, 0],
						"10.2": [-15, -15, -5],
						"14.2": [20, 0, -20],
						"18.0": [0, 0, 0],
						"2.8833": [0, 0, 25],
						"6.0": [0, -20, 5]
					}
				}
			}
		},
		"moving": {
			"loop": true,
			"anim_time_update": "query.modified_distance_moved",
			"bones": {
				"flame": {
					"position": [0, 0, 5.25],
					"scale": [1, 1, 1]
				}
			}
		},
		"attacking": {
			"loop": true,
			"animation_length": 0.64,
			"override_previous_animation": true,
			"bones": {
				"notalaser_beam": {
					"rotation": [2, 2, 0],
					"scale": {
						"0.0": [0, 0, 0],
						"0.0333": [1, 1, 1],
						"0.1667": [1, 1, 1],
						"0.2333": [0, 0, 1]
					}
				}
			}
		},
		"sitting": {
			"loop": true,
			"override_previous_animation": true,
			"bones": {
				"eye": {
					"position": [0, 0, 0.5],
					"scale": [1, 0.1, 1]
				},
				"backwingleft": {
					"rotation": [55, 80, 80]
				},
				"backwingright": {
					"rotation": [-80, -80, 55]
				},
				"bottomfin": {
					"rotation": [-55, 0, 0],
					"position": [0, 1.75, 0]
				},
				"eye_sleep": {
					"position": [0, 0, -0.5]
				},
				"altwings0": {
					"rotation": [15, 15, 15]
				},
				"altwings1": {
					"rotation": [15, -15, -15]
				}
			}
		},
		"tempting": {
			"loop": true,
			"bones": {
				"head": {
					"rotation": [0, 0, 10]
				},
				"eye": {
					"scale": [1.2, 1.2, 1.2]
				},
				"antenna": {
					"rotation": [0, 0, "Math.sin(query.anim_time * 180 * 4) * 10"]
				}
			}
		},
		"looking_at_target": {
			"loop": true
		}
	}
}