{
	"format_version": "1.12.0",
	"minecraft:geometry": [
		{
			"description": {
				"identifier": "geometry.Alexnauts_block",
				"texture_width": 64,
				"texture_height": 64,
				"visible_bounds_width": 2,
				"visible_bounds_height": 2.5,
				"visible_bounds_offset": [0, 0.75, 0]
			},
			"bones": [
				{
					"name": "Head",
					"pivot": [0, 24, 0],
					"cubes": [
						{
							"origin": [-4.25, 1, -4.5],
							"size": [8, 8, 8],
							"uv": {
								"north": {"uv": [8, 8], "uv_size": [8, 8]},
								"east": {"uv": [0, 8], "uv_size": [8, 8]},
								"south": {"uv": [24, 8], "uv_size": [8, 8]},
								"west": {"uv": [16, 8], "uv_size": [8, 8]},
								"up": {"uv": [8, 0], "uv_size": [8, 8]},
								"down": {"uv": [16, 8], "uv_size": [8, -8]}
							}
						},
						{
							"origin": [-4.75, 0.25, -5],
							"size": [9, 9, 9],
							"uv": {
								"north": {"uv": [40, 8], "uv_size": [8, 8]},
								"east": {"uv": [32, 8], "uv_size": [8, 8]},
								"south": {"uv": [56, 8], "uv_size": [8, 8]},
								"west": {"uv": [48, 8], "uv_size": [8, 8]},
								"up": {"uv": [40, 0], "uv_size": [8, 8]},
								"down": {"uv": [48, 8], "uv_size": [8, -8]}
							}
						}
					]
				},
				{
					"name": "Christmas",
					"pivot": [-0.2, 9.57193, 0.11104],
					"rotation": [0, 90, 0],
					"cubes": [
						{
							"origin": [-3.5, 8, -3.7],
							"size": [7.4, 2, 7.4],
							"uv": {
								"north": {"uv": [41, 48], "uv_size": [16, 4]},
								"east": {"uv": [41, 48], "uv_size": [16, 4]},
								"south": {"uv": [41, 48], "uv_size": [16, 4]},
								"west": {"uv": [41, 48], "uv_size": [16, 4]},
								"up": {"uv": [57, 52], "uv_size": [-16, -16]},
								"down": {"uv": [57, 52], "uv_size": [-16, -16]}
							}
						},
						{
							"origin": [-2.8, 10.07612, -3.21732],
							"size": [6, 1.8, 6],
							"pivot": [0.2, 10, -0.6],
							"rotation": [-22.5, 0, 0],
							"uv": {
								"north": {"uv": [22.5, 37.5], "uv_size": [12, 7]},
								"east": {"uv": [22.5, 37.5], "uv_size": [13, 7]},
								"south": {"uv": [22.5, 37.5], "uv_size": [12, 7]},
								"west": {"uv": [22.5, 37.5], "uv_size": [12, 7]},
								"up": {"uv": [34.5, 48.5], "uv_size": [-12, -11]},
								"down": {"uv": [33.5, 48.5], "uv_size": [-11, -11]}
							}
						},
						{
							"origin": [-2.2, 11.39289, -3.19289],
							"size": [4.8, 2.9, 4.6],
							"pivot": [0.2, 10.4, -1.3],
							"rotation": [-45, 0, 0],
							"uv": {
								"north": {"uv": [22.5, 37.5], "uv_size": [10, 7]},
								"east": {"uv": [22.5, 37.5], "uv_size": [10, 8]},
								"south": {"uv": [22.5, 37.5], "uv_size": [10, 8]},
								"west": {"uv": [22.5, 37.5], "uv_size": [10, 8]},
								"up": {"uv": [32.5, 47.5], "uv_size": [-10, -10]},
								"down": {"uv": [32.5, 47.5], "uv_size": [-10, -10]}
							}
						},
						{
							"origin": [-1.3, 10.67612, 0.31732],
							"size": [3, 2.9, 2.7],
							"pivot": [0.2, 13, -0.3],
							"rotation": [22.5, 0, 0],
							"uv": {
								"north": {"uv": [22.5, 37.5], "uv_size": [7, 7]},
								"east": {"uv": [22.5, 37.5], "uv_size": [7, 7]},
								"south": {"uv": [22.5, 37.5], "uv_size": [7, 7]},
								"west": {"uv": [22.5, 37.5], "uv_size": [7, 7]},
								"up": {"uv": [29.5, 44.5], "uv_size": [-7, -7]},
								"down": {"uv": [29.5, 44.5], "uv_size": [-7, -7]}
							}
						},
						{
							"origin": [-0.7, 12.6, 1.7],
							"size": [1.8, 1.8, 2.2],
							"uv": {
								"north": {"uv": [22.5, 37.5], "uv_size": [12, 8]},
								"east": {"uv": [22.5, 37.5], "uv_size": [6, 7]},
								"south": {"uv": [22.5, 37.5], "uv_size": [9, 8]},
								"west": {"uv": [22.5, 37.5], "uv_size": [6, 7]},
								"up": {"uv": [28.5, 44.5], "uv_size": [-6, -7]},
								"down": {"uv": [28.5, 44.5], "uv_size": [-6, -7]}
							}
						},
						{
							"origin": [-0.3, 14.37612, 3.78268],
							"size": [1, 1, 1.3],
							"pivot": [0.2, 14.9, 0.9],
							"rotation": [-22.5, 0, 0],
							"uv": {
								"north": {"uv": [22.5, 37.5], "uv_size": [5, 5]},
								"east": {"uv": [22.5, 37.5], "uv_size": [5, 6]},
								"south": {"uv": [22.5, 37.5], "uv_size": [5, 5]},
								"west": {"uv": [22.5, 37.5], "uv_size": [5, 6]},
								"up": {"uv": [27.5, 43.5], "uv_size": [-5, -6]},
								"down": {"uv": [27.5, 43.5], "uv_size": [-5, -6]}
							}
						},
						{
							"origin": [-0.55, 13.67612, 4.38268],
							"size": [1.5, 1.5, 1.5],
							"pivot": [0.5, 14.1, 1.9],
							"rotation": [-22.5, 0, 0],
							"uv": {
								"north": {"uv": [41, 36], "uv_size": [16, 16]},
								"east": {"uv": [41, 36], "uv_size": [16, 16]},
								"south": {"uv": [41, 36], "uv_size": [16, 16]},
								"west": {"uv": [41, 36], "uv_size": [16, 16]},
								"up": {"uv": [57, 52], "uv_size": [-16, -16]},
								"down": {"uv": [57, 52], "uv_size": [-16, -16]}
							}
						},
						{
							"origin": [-2.8, 9.87193, -2.98896],
							"size": [6, 1.2, 2.6],
							"uv": {
								"north": {"uv": [22, 37.5], "uv_size": [16, 4]},
								"east": {"uv": [22.5, 37.5], "uv_size": [13, 4]},
								"south": {"uv": [22, 37.5], "uv_size": [16, 4]},
								"west": {"uv": [22.5, 37.5], "uv_size": [13, 4]},
								"up": {"uv": [35.5, 41.5], "uv_size": [-13, -4]},
								"down": {"uv": [35.5, 41.5], "uv_size": [-13, -4]}
							}
						}
					]
				},
				{
					"name": "frame",
					"pivot": [-8, 8, 8],
					"cubes": [
						{
							"origin": [-8, 0, 7],
							"size": [16, 1, 1],
							"uv": {
								"north": {"uv": [2, 19], "uv_size": [14, 13]},
								"east": {"uv": [2, 19], "uv_size": [14, 13]},
								"south": {"uv": [2, 19], "uv_size": [14, 13]},
								"west": {"uv": [2, 19], "uv_size": [14, 13]},
								"up": {"uv": [16, 32], "uv_size": [-14, -13]},
								"down": {"uv": [16, 32], "uv_size": [-14, -13]}
							}
						},
						{
							"origin": [-8, 0, -8],
							"size": [1, 16, 1],
							"uv": {
								"north": {"uv": [2, 19], "uv_size": [14, 13]},
								"east": {"uv": [2, 19], "uv_size": [14, 13]},
								"south": {"uv": [2, 19], "uv_size": [14, 13]},
								"west": {"uv": [2, 19], "uv_size": [14, 13]},
								"up": {"uv": [16, 32], "uv_size": [-14, -13]},
								"down": {"uv": [16, 32], "uv_size": [-14, -13]}
							}
						},
						{
							"origin": [7, 0, 7],
							"size": [1, 16, 1],
							"uv": {
								"north": {"uv": [2, 19], "uv_size": [14, 13]},
								"east": {"uv": [2, 19], "uv_size": [14, 13]},
								"south": {"uv": [2, 19], "uv_size": [14, 13]},
								"west": {"uv": [2, 19], "uv_size": [14, 13]},
								"up": {"uv": [16, 32], "uv_size": [-14, -13]},
								"down": {"uv": [16, 32], "uv_size": [-14, -13]}
							}
						},
						{
							"origin": [-8, 0, 7],
							"size": [1, 16, 1],
							"uv": {
								"north": {"uv": [2, 19], "uv_size": [14, 13]},
								"east": {"uv": [2, 19], "uv_size": [14, 13]},
								"south": {"uv": [2, 19], "uv_size": [14, 13]},
								"west": {"uv": [2, 19], "uv_size": [14, 13]},
								"up": {"uv": [16, 32], "uv_size": [-14, -13]},
								"down": {"uv": [16, 32], "uv_size": [-14, -13]}
							}
						},
						{
							"origin": [7, 0, -8],
							"size": [1, 1, 16],
							"uv": {
								"north": {"uv": [2, 19], "uv_size": [14, 13]},
								"east": {"uv": [2, 19], "uv_size": [14, 13]},
								"south": {"uv": [2, 19], "uv_size": [14, 13]},
								"west": {"uv": [2, 19], "uv_size": [14, 13]},
								"up": {"uv": [16, 32], "uv_size": [-14, -13]},
								"down": {"uv": [16, 32], "uv_size": [-14, -13]}
							}
						},
						{
							"origin": [-8, 0, -8],
							"size": [1, 1, 16],
							"uv": {
								"north": {"uv": [2, 19], "uv_size": [14, 13]},
								"east": {"uv": [2, 19], "uv_size": [14, 13]},
								"south": {"uv": [2, 19], "uv_size": [14, 13]},
								"west": {"uv": [2, 19], "uv_size": [14, 13]},
								"up": {"uv": [16, 32], "uv_size": [-14, -13]},
								"down": {"uv": [16, 32], "uv_size": [-14, -13]}
							}
						},
						{
							"origin": [7, 15, -8],
							"size": [1, 1, 16],
							"uv": {
								"north": {"uv": [2, 19], "uv_size": [14, 13]},
								"east": {"uv": [2, 19], "uv_size": [14, 13]},
								"south": {"uv": [2, 19], "uv_size": [14, 13]},
								"west": {"uv": [2, 19], "uv_size": [14, 13]},
								"up": {"uv": [16, 32], "uv_size": [-14, -13]},
								"down": {"uv": [16, 32], "uv_size": [-14, -13]}
							}
						},
						{
							"origin": [-8, 15, -8],
							"size": [1, 1, 16],
							"uv": {
								"north": {"uv": [2, 19], "uv_size": [14, 13]},
								"east": {"uv": [2, 19], "uv_size": [14, 13]},
								"south": {"uv": [2, 19], "uv_size": [14, 13]},
								"west": {"uv": [2, 19], "uv_size": [14, 13]},
								"up": {"uv": [16, 32], "uv_size": [-14, -13]},
								"down": {"uv": [16, 32], "uv_size": [-14, -13]}
							}
						},
						{
							"origin": [-8, 15, -8],
							"size": [16, 1, 1],
							"uv": {
								"north": {"uv": [2, 19], "uv_size": [14, 13]},
								"east": {"uv": [2, 19], "uv_size": [14, 13]},
								"south": {"uv": [2, 19], "uv_size": [14, 13]},
								"west": {"uv": [2, 19], "uv_size": [14, 13]},
								"up": {"uv": [16, 32], "uv_size": [-14, -13]},
								"down": {"uv": [16, 32], "uv_size": [-14, -13]}
							}
						},
						{
							"origin": [-8, 15, 7],
							"size": [16, 1, 1],
							"uv": {
								"north": {"uv": [2, 19], "uv_size": [14, 13]},
								"east": {"uv": [2, 19], "uv_size": [14, 13]},
								"south": {"uv": [2, 19], "uv_size": [14, 13]},
								"west": {"uv": [2, 19], "uv_size": [14, 13]},
								"up": {"uv": [16, 32], "uv_size": [-14, -13]},
								"down": {"uv": [16, 32], "uv_size": [-14, -13]}
							}
						},
						{
							"origin": [-8, 0, -8],
							"size": [16, 1, 1],
							"uv": {
								"north": {"uv": [2, 19], "uv_size": [14, 13]},
								"east": {"uv": [2, 19], "uv_size": [14, 13]},
								"south": {"uv": [2, 19], "uv_size": [14, 13]},
								"west": {"uv": [2, 19], "uv_size": [14, 13]},
								"up": {"uv": [16, 32], "uv_size": [-14, -13]},
								"down": {"uv": [16, 32], "uv_size": [-14, -13]}
							}
						},
						{
							"origin": [7, 0, -8],
							"size": [1, 16, 1],
							"uv": {
								"north": {"uv": [2, 19], "uv_size": [14, 13]},
								"east": {"uv": [2, 19], "uv_size": [14, 13]},
								"south": {"uv": [2, 19], "uv_size": [14, 13]},
								"west": {"uv": [2, 19], "uv_size": [14, 13]},
								"up": {"uv": [16, 32], "uv_size": [-14, -13]},
								"down": {"uv": [16, 32], "uv_size": [-14, -13]}
							}
						}
					]
				},
				{
					"name": "glass",
					"pivot": [-8, 8, 8],
					"cubes": [
						{
							"origin": [-7.1, 1, -7],
							"size": [14, 14, 0],
							"uv": {
								"north": {"uv": [23, 32], "uv_size": [14, -14]},
								"east": {"uv": [21, 17], "uv_size": [15, 16]},
								"south": {"uv": [54, 17], "uv_size": [-15, 16]},
								"west": {"uv": [43, 19], "uv_size": [15, 16]},
								"up": {"uv": [64, 64], "uv_size": [-64, -64]},
								"down": {"uv": [64, 64], "uv_size": [-64, -64]}
							}
						},
						{
							"origin": [-7.1, 1, -7.1],
							"size": [14, 14, 0],
							"uv": {
								"north": {"uv": [0, 61], "uv_size": [21.5, -22]},
								"east": {"uv": [21, 17], "uv_size": [15, 16]},
								"south": {"uv": [54, 17], "uv_size": [-15, 16]},
								"west": {"uv": [43, 19], "uv_size": [15, 16]},
								"up": {"uv": [64, 64], "uv_size": [-64, -64]},
								"down": {"uv": [64, 64], "uv_size": [-64, -64]}
							}
						},
						{
							"origin": [-7.1, 1, 7],
							"size": [14, 14, 0],
							"uv": {
								"north": {"uv": [39, 33], "uv_size": [15, -16]},
								"east": {"uv": [21, 17], "uv_size": [15, 16]},
								"south": {"uv": [23, 32], "uv_size": [14, -14]},
								"west": {"uv": [43, 19], "uv_size": [15, 16]},
								"up": {"uv": [64, 64], "uv_size": [-64, -64]},
								"down": {"uv": [64, 64], "uv_size": [-64, -64]}
							}
						},
						{
							"origin": [-7.1, 1, 7.1],
							"size": [14, 14, 0],
							"uv": {
								"north": {"uv": [39, 33], "uv_size": [15, -16]},
								"east": {"uv": [21, 17], "uv_size": [15, 16]},
								"south": {"uv": [0, 61], "uv_size": [21.5, -22]},
								"west": {"uv": [43, 19], "uv_size": [15, 16]},
								"up": {"uv": [64, 64], "uv_size": [-64, -64]},
								"down": {"uv": [64, 64], "uv_size": [-64, -64]}
							}
						},
						{
							"origin": [6.9, 1, -7],
							"size": [0, 14, 14],
							"uv": {
								"north": {"uv": [21, 33], "uv_size": [15, -16]},
								"east": {"uv": [40, 17], "uv_size": [15, 16]},
								"south": {"uv": [54, 17], "uv_size": [-15, 16]},
								"west": {"uv": [23, 32], "uv_size": [14, -14]},
								"up": {"uv": [64, 64], "uv_size": [-64, -64]},
								"down": {"uv": [64, 64], "uv_size": [-64, -64]}
							}
						},
						{
							"origin": [7, 1, -7],
							"size": [0, 14, 14],
							"uv": {
								"north": {"uv": [21, 33], "uv_size": [15, -16]},
								"east": {"uv": [40, 17], "uv_size": [15, 16]},
								"south": {"uv": [54, 17], "uv_size": [-15, 16]},
								"west": {"uv": [0, 61], "uv_size": [21.5, -22]},
								"up": {"uv": [64, 64], "uv_size": [-64, -64]},
								"down": {"uv": [64, 64], "uv_size": [-64, -64]}
							}
						},
						{
							"origin": [-7.1, 1, -7],
							"size": [0, 14, 14],
							"uv": {
								"north": {"uv": [21, 33], "uv_size": [15, -16]},
								"east": {"uv": [23, 32], "uv_size": [14, -14]},
								"south": {"uv": [21, 17], "uv_size": [15, 16]},
								"west": {"uv": [40, 17], "uv_size": [15, 16]},
								"up": {"uv": [36, 33], "uv_size": [-15, -16]},
								"down": {"uv": [36, 33], "uv_size": [-15, -16]}
							}
						},
						{
							"origin": [-7.2, 1, -7],
							"size": [0, 14, 14],
							"uv": {
								"north": {"uv": [21, 33], "uv_size": [15, -16]},
								"east": {"uv": [0, 61], "uv_size": [21.5, -22]},
								"south": {"uv": [21, 17], "uv_size": [15, 16]},
								"west": {"uv": [40, 17], "uv_size": [15, 16]},
								"up": {"uv": [36, 33], "uv_size": [-15, -16]},
								"down": {"uv": [36, 33], "uv_size": [-15, -16]}
							}
						},
						{
							"origin": [-7.1, 15, -7],
							"size": [14, 0, 14],
							"uv": {
								"north": {"uv": [21, 33], "uv_size": [15, -16]},
								"east": {"uv": [21, 17], "uv_size": [15, 16]},
								"south": {"uv": [54, 17], "uv_size": [-15, 16]},
								"west": {"uv": [43, 19], "uv_size": [15, 16]},
								"up": {"uv": [37, 18], "uv_size": [-14, 14]},
								"down": {"uv": [55, 17], "uv_size": [-16, 16]}
							}
						},
						{
							"origin": [-7.1, 15.1, -7],
							"size": [14, 0, 14],
							"uv": {
								"north": {"uv": [21, 33], "uv_size": [15, -16]},
								"east": {"uv": [21, 17], "uv_size": [15, 16]},
								"south": {"uv": [54, 17], "uv_size": [-15, 16]},
								"west": {"uv": [43, 19], "uv_size": [15, 16]},
								"up": {"uv": [21.5, 39], "uv_size": [-21.5, 22]},
								"down": {"uv": [55, 17], "uv_size": [-16, 16]}
							}
						},
						{
							"origin": [-7.1, 1, -7],
							"size": [14, 0, 14],
							"uv": {
								"north": {"uv": [21, 17], "uv_size": [15, 16]},
								"east": {"uv": [21, 17], "uv_size": [15, 16]},
								"south": {"uv": [21, 17], "uv_size": [15, 16]},
								"west": {"uv": [21, 17], "uv_size": [15, 16]},
								"up": {"uv": [54, 33], "uv_size": [-15, -16]},
								"down": {"uv": [37, 18], "uv_size": [-14, 14]}
							}
						},
						{
							"origin": [-7.1, 0.9, -7],
							"size": [14, 0, 14],
							"uv": {
								"north": {"uv": [21, 17], "uv_size": [15, 16]},
								"east": {"uv": [21, 17], "uv_size": [15, 16]},
								"south": {"uv": [21, 17], "uv_size": [15, 16]},
								"west": {"uv": [21, 17], "uv_size": [15, 16]},
								"up": {"uv": [54, 33], "uv_size": [-15, -16]},
								"down": {"uv": [21.5, 39], "uv_size": [-21.5, 22]}
							}
						}
					]
				}
			]
		}
	]
}