{
	"format_version": "1.12.0",
	"minecraft:geometry": [
		{
			"description": {
				"identifier": "geometry.Alexnauts_block",
				"texture_width": 64,
				"texture_height": 64,
				"visible_bounds_width": 2,
				"visible_bounds_height": 2.5,
				"visible_bounds_offset": [0, 0.75, 0]
			},
			"bones": [
				{
					"name": "Head",
					"pivot": [0, 24, 0],
					"cubes": [
						{
							"origin": [-4.25, 3.5, -4.5],
							"size": [8, 8, 8],
							"uv": {
								"north": {"uv": [8, 8], "uv_size": [8, 8]},
								"east": {"uv": [0, 8], "uv_size": [8, 8]},
								"south": {"uv": [24, 8], "uv_size": [8, 8]},
								"west": {"uv": [16, 8], "uv_size": [8, 8]},
								"up": {"uv": [8, 0], "uv_size": [8, 8]},
								"down": {"uv": [16, 8], "uv_size": [8, -8]}
							}
						},
						{
							"origin": [-4.75, 2.75, -5],
							"size": [9, 9, 9],
							"uv": {
								"north": {"uv": [40, 8], "uv_size": [8, 8]},
								"east": {"uv": [32, 8], "uv_size": [8, 8]},
								"south": {"uv": [56, 8], "uv_size": [8, 8]},
								"west": {"uv": [48, 8], "uv_size": [8, 8]},
								"up": {"uv": [40, 0], "uv_size": [8, 8]},
								"down": {"uv": [48, 8], "uv_size": [8, -8]}
							}
						}
					]
				},
				{
					"name": "frame",
					"pivot": [-8, 8, 8],
					"cubes": [
						{
							"origin": [-8, 0, 7],
							"size": [16, 1, 1],
							"uv": {
								"north": {"uv": [2, 19], "uv_size": [14, 13]},
								"east": {"uv": [2, 19], "uv_size": [14, 13]},
								"south": {"uv": [2, 19], "uv_size": [14, 13]},
								"west": {"uv": [2, 19], "uv_size": [14, 13]},
								"up": {"uv": [16, 32], "uv_size": [-14, -13]},
								"down": {"uv": [16, 32], "uv_size": [-14, -13]}
							}
						},
						{
							"origin": [-8, 0, -8],
							"size": [1, 16, 1],
							"uv": {
								"north": {"uv": [2, 19], "uv_size": [14, 13]},
								"east": {"uv": [2, 19], "uv_size": [14, 13]},
								"south": {"uv": [2, 19], "uv_size": [14, 13]},
								"west": {"uv": [2, 19], "uv_size": [14, 13]},
								"up": {"uv": [16, 32], "uv_size": [-14, -13]},
								"down": {"uv": [16, 32], "uv_size": [-14, -13]}
							}
						},
						{
							"origin": [7, 0, 7],
							"size": [1, 16, 1],
							"uv": {
								"north": {"uv": [2, 19], "uv_size": [14, 13]},
								"east": {"uv": [2, 19], "uv_size": [14, 13]},
								"south": {"uv": [2, 19], "uv_size": [14, 13]},
								"west": {"uv": [2, 19], "uv_size": [14, 13]},
								"up": {"uv": [16, 32], "uv_size": [-14, -13]},
								"down": {"uv": [16, 32], "uv_size": [-14, -13]}
							}
						},
						{
							"origin": [-8, 0, 7],
							"size": [1, 16, 1],
							"uv": {
								"north": {"uv": [2, 19], "uv_size": [14, 13]},
								"east": {"uv": [2, 19], "uv_size": [14, 13]},
								"south": {"uv": [2, 19], "uv_size": [14, 13]},
								"west": {"uv": [2, 19], "uv_size": [14, 13]},
								"up": {"uv": [16, 32], "uv_size": [-14, -13]},
								"down": {"uv": [16, 32], "uv_size": [-14, -13]}
							}
						},
						{
							"origin": [7, 0, -8],
							"size": [1, 1, 16],
							"uv": {
								"north": {"uv": [2, 19], "uv_size": [14, 13]},
								"east": {"uv": [2, 19], "uv_size": [14, 13]},
								"south": {"uv": [2, 19], "uv_size": [14, 13]},
								"west": {"uv": [2, 19], "uv_size": [14, 13]},
								"up": {"uv": [16, 32], "uv_size": [-14, -13]},
								"down": {"uv": [16, 32], "uv_size": [-14, -13]}
							}
						},
						{
							"origin": [-8, 0, -8],
							"size": [1, 1, 16],
							"uv": {
								"north": {"uv": [2, 19], "uv_size": [14, 13]},
								"east": {"uv": [2, 19], "uv_size": [14, 13]},
								"south": {"uv": [2, 19], "uv_size": [14, 13]},
								"west": {"uv": [2, 19], "uv_size": [14, 13]},
								"up": {"uv": [16, 32], "uv_size": [-14, -13]},
								"down": {"uv": [16, 32], "uv_size": [-14, -13]}
							}
						},
						{
							"origin": [7, 15, -8],
							"size": [1, 1, 16],
							"uv": {
								"north": {"uv": [2, 19], "uv_size": [14, 13]},
								"east": {"uv": [2, 19], "uv_size": [14, 13]},
								"south": {"uv": [2, 19], "uv_size": [14, 13]},
								"west": {"uv": [2, 19], "uv_size": [14, 13]},
								"up": {"uv": [16, 32], "uv_size": [-14, -13]},
								"down": {"uv": [16, 32], "uv_size": [-14, -13]}
							}
						},
						{
							"origin": [-8, 15, -8],
							"size": [1, 1, 16],
							"uv": {
								"north": {"uv": [2, 19], "uv_size": [14, 13]},
								"east": {"uv": [2, 19], "uv_size": [14, 13]},
								"south": {"uv": [2, 19], "uv_size": [14, 13]},
								"west": {"uv": [2, 19], "uv_size": [14, 13]},
								"up": {"uv": [16, 32], "uv_size": [-14, -13]},
								"down": {"uv": [16, 32], "uv_size": [-14, -13]}
							}
						},
						{
							"origin": [-8, 15, -8],
							"size": [16, 1, 1],
							"uv": {
								"north": {"uv": [2, 19], "uv_size": [14, 13]},
								"east": {"uv": [2, 19], "uv_size": [14, 13]},
								"south": {"uv": [2, 19], "uv_size": [14, 13]},
								"west": {"uv": [2, 19], "uv_size": [14, 13]},
								"up": {"uv": [16, 32], "uv_size": [-14, -13]},
								"down": {"uv": [16, 32], "uv_size": [-14, -13]}
							}
						},
						{
							"origin": [-8, 15, 7],
							"size": [16, 1, 1],
							"uv": {
								"north": {"uv": [2, 19], "uv_size": [14, 13]},
								"east": {"uv": [2, 19], "uv_size": [14, 13]},
								"south": {"uv": [2, 19], "uv_size": [14, 13]},
								"west": {"uv": [2, 19], "uv_size": [14, 13]},
								"up": {"uv": [16, 32], "uv_size": [-14, -13]},
								"down": {"uv": [16, 32], "uv_size": [-14, -13]}
							}
						},
						{
							"origin": [-8, 0, -8],
							"size": [16, 1, 1],
							"uv": {
								"north": {"uv": [2, 19], "uv_size": [14, 13]},
								"east": {"uv": [2, 19], "uv_size": [14, 13]},
								"south": {"uv": [2, 19], "uv_size": [14, 13]},
								"west": {"uv": [2, 19], "uv_size": [14, 13]},
								"up": {"uv": [16, 32], "uv_size": [-14, -13]},
								"down": {"uv": [16, 32], "uv_size": [-14, -13]}
							}
						},
						{
							"origin": [7, 0, -8],
							"size": [1, 16, 1],
							"uv": {
								"north": {"uv": [2, 19], "uv_size": [14, 13]},
								"east": {"uv": [2, 19], "uv_size": [14, 13]},
								"south": {"uv": [2, 19], "uv_size": [14, 13]},
								"west": {"uv": [2, 19], "uv_size": [14, 13]},
								"up": {"uv": [16, 32], "uv_size": [-14, -13]},
								"down": {"uv": [16, 32], "uv_size": [-14, -13]}
							}
						}
					]
				},
				{
					"name": "glass",
					"pivot": [-8, 8, 8],
					"cubes": [
						{
							"origin": [-7.1, 1, -7],
							"size": [14, 14, 0],
							"uv": {
								"north": {"uv": [23, 32], "uv_size": [14, -14]},
								"east": {"uv": [21, 17], "uv_size": [15, 16]},
								"south": {"uv": [54, 17], "uv_size": [-15, 16]},
								"west": {"uv": [43, 19], "uv_size": [15, 16]},
								"up": {"uv": [64, 64], "uv_size": [-64, -64]},
								"down": {"uv": [64, 64], "uv_size": [-64, -64]}
							}
						},
						{
							"origin": [-7.1, 1, 7],
							"size": [14, 14, 0],
							"uv": {
								"north": {"uv": [39, 33], "uv_size": [15, -16]},
								"east": {"uv": [21, 17], "uv_size": [15, 16]},
								"south": {"uv": [23, 32], "uv_size": [14, -14]},
								"west": {"uv": [43, 19], "uv_size": [15, 16]},
								"up": {"uv": [64, 64], "uv_size": [-64, -64]},
								"down": {"uv": [64, 64], "uv_size": [-64, -64]}
							}
						},
						{
							"origin": [6.9, 1, -7],
							"size": [0, 14, 14],
							"uv": {
								"north": {"uv": [21, 33], "uv_size": [15, -16]},
								"east": {"uv": [40, 17], "uv_size": [15, 16]},
								"south": {"uv": [54, 17], "uv_size": [-15, 16]},
								"west": {"uv": [23, 32], "uv_size": [14, -14]},
								"up": {"uv": [64, 64], "uv_size": [-64, -64]},
								"down": {"uv": [64, 64], "uv_size": [-64, -64]}
							}
						},
						{
							"origin": [-7.1, 1, -7],
							"size": [0, 14, 14],
							"uv": {
								"north": {"uv": [21, 33], "uv_size": [15, -16]},
								"east": {"uv": [23, 32], "uv_size": [14, -14]},
								"south": {"uv": [21, 17], "uv_size": [15, 16]},
								"west": {"uv": [40, 17], "uv_size": [15, 16]},
								"up": {"uv": [36, 33], "uv_size": [-15, -16]},
								"down": {"uv": [36, 33], "uv_size": [-15, -16]}
							}
						},
						{
							"origin": [-7.1, 15, -7],
							"size": [14, 0, 14],
							"uv": {
								"north": {"uv": [21, 33], "uv_size": [15, -16]},
								"east": {"uv": [21, 17], "uv_size": [15, 16]},
								"south": {"uv": [54, 17], "uv_size": [-15, 16]},
								"west": {"uv": [43, 19], "uv_size": [15, 16]},
								"up": {"uv": [37, 18], "uv_size": [-14, 14]},
								"down": {"uv": [55, 17], "uv_size": [-16, 16]}
							}
						},
						{
							"origin": [-7.1, 1, -7],
							"size": [14, 0, 14],
							"uv": {
								"north": {"uv": [21, 17], "uv_size": [15, 16]},
								"east": {"uv": [21, 17], "uv_size": [15, 16]},
								"south": {"uv": [21, 17], "uv_size": [15, 16]},
								"west": {"uv": [21, 17], "uv_size": [15, 16]},
								"up": {"uv": [54, 33], "uv_size": [-15, -16]},
								"down": {"uv": [37, 18], "uv_size": [-14, 14]}
							}
						}
					]
				}
			]
		}
	]
}