{
	"format_version": "1.8.0",
	"animations": {
		"rotazione": {
			"loop": true,
			"animation_length": 4,
			"bones": {
				"Head": {
					"rotation": {
						"0.0": [0, 2.5, 0],
						"1.0": [0, -100, 0],
						"2.0": [0, -180, 0],
						"3.0": [0, -270, 0],
						"4.0": [0, -360, 0]
					}
				},
				"Christmas": {
					"rotation": {
						"0.0": [0, 2.5, 0],
						"1.0": [0, -100, 0],
						"2.0": [0, -180, 0],
						"3.0": [0, -270, 0],
						"4.0": [0, -360, 0]
					}
				}
			}
		}
	},
	"geckolib_format_version": 2
}