{
  "parent": "builtin/entity",
  "textures": {
    "particle": "wgfw:block/wgf/glass_wgf_head"
  },
  "texture_size": [
    64,
    64
  ],
  "display": {
    "thirdperson_righthand": {
      "scale": [
        0.5,
        0.5,
        0.5
      ]
    },
    "thirdperson_lefthand": {
      "scale": [
        0.5,
        0.5,
        0.5
      ]
    },
    "firstperson_righthand": {
      "rotation": [
        0,
        0,
        0
      ],
      "translation": [
        0,
        0,
        -0.75
      ],
      "scale": [
        0.5,
        0.5,
        0.5
      ]
    },
    "firstperson_lefthand": {
      "rotation": [
        0,
        0,
        0
      ],
      "translation": [
        0,
        0,
        -0.75
      ],
      "scale": [
        0.5,
        0.5,
        0.5
      ]
    },
    "ground": {
      "scale": [
        0.5,
        0.5,
        0.5
      ]
    },
    "gui": {
      "rotation": [
        38,
        -31,
        0
      ],
      "translation": [
        0,
        -2.75,
        0
      ],
      "scale": [
        0.50,
        0.50,
        0.50
      ]
    },
    "head": {
      "scale": [
        0,
        0,
        0
      ]
    },
    "fixed": {
      "rotation": [
        0,
        -90,
        0
      ],
      "translation": [
        0,
        -2.5,
        -0.5
      ],
      "scale": [
        0.35,
        0.35,
        0.35
      ]
    }
  }
}
