{
	"format_version": "1.12.0",
	"minecraft:geometry": [
		{
			"description": {
				"identifier": "geometry.bot",
				"texture_width": 72,
				"texture_height": 72,
				"visible_bounds_width": 3,
				"visible_bounds_height": 2,
				"visible_bounds_offset": [
					0,
					1,
					0
				]
			},
		"bones": [
			{
				"name": "head",
				"pivot": [0, 6.5, -3.5]
			},
			{
				"name": "eye",
				"parent": "head",
				"pivot": [0, 6.5, -3.25],
				"cubes": [
					{"origin": [-3, 4, -3.25], "size": [6, 5, 0], "uv": [21, 34]}
				]
			},
			{
				"name": "eye_sleep",
				"parent": "head",
				"pivot": [0, 6.5, -2.75],
				"cubes": [
					{"origin": [-1.5, 6.25, -2.75], "size": [3, 1, 0], "uv": [23, 40]}
				]
			},
			{
				"name": "body",
				"parent": "head",
				"pivot": [-0.5, 10.5, -14],
				"cubes": [
					{"origin": [-1.5, 3, -4.005], "size": [3, 1, 8.015], "uv": [42, 14]},
					{"origin": [-1.5, 9, -5.005], "size": [3, 1, 15], "uv": [0, 24]},
					{"origin": [2.625, 5.125, -4.005], "size": [1, 2.75, 9], "uv": [38, 34]},
					{"origin": [-3.625, 5.125, -4.005], "size": [1, 2.75, 9], "uv": [0, 0]},
					{"origin": [-1.5, 4, -3], "size": [3, 5, 6.99], "uv": [43, 45]},
					{"origin": [-1.5, 5, 4], "size": [3, 3, 1], "uv": [0, 0]},
					{"origin": [1.5, 4.25, -3], "size": [1.25, 4.5, 6.99], "uv": [0, 24]},
					{"origin": [-2.75, 4.25, -3], "size": [1.25, 4.5, 6.99], "uv": [0, 11]}
				],
				"locators": {
					"smoke_particle": [0, 6.5, 6.25]
				}
			},
			{
				"name": "flame",
				"parent": "body",
				"pivot": [0, 6.5, 5],
				"cubes": [
					{"origin": [-1.5, 5, 5.02], "size": [3, 3, 0], "uv": [0, 40]},
					{"origin": [-1.5, 6.5, 5.02], "size": [3, 0, 3], "uv": [0, 55]},
					{"origin": [0, 5, 5.02], "size": [0, 3, 3], "uv": [0, 55]}
				]
			},
			{
				"name": "backwingleft",
				"parent": "body",
				"pivot": [3.5, 5.5, 2],
				"rotation": [0, 10, 45],
				"cubes": [
					{"origin": [2.75, 5, 2], "size": [2, 1, 5], "uv": [28, 49]}
				]
			},
			{
				"name": "backwingright",
				"parent": "body",
				"pivot": [-3.5, 5.5, 2],
				"rotation": [0, -10, -45],
				"cubes": [
					{"origin": [-4.75, 5, 2], "size": [2, 1, 5], "uv": [0, 49]}
				]
			},
			{
				"name": "frontwingleft",
				"parent": "body",
				"pivot": [2.5, 8.5, -1.5],
				"cubes": [
					{"origin": [2.5, 7.998, -3], "size": [3, 1.004, 3], "uv": [14, 40]}
				]
			},
			{
				"name": "subfrontwingleft",
				"parent": "frontwingleft",
				"pivot": [5.5, 8.5, -3],
				"rotation": [0, 30, 0],
				"cubes": [
					{"origin": [2.5, 8, -3], "size": [3, 1, 5], "uv": [17, 48]}
				]
			},
			{
				"name": "frontwingright",
				"parent": "body",
				"pivot": [-2.5, 8.5, -1.5],
				"cubes": [
					{"origin": [-5.5, 7.998, -3], "size": [3, 1.004, 3], "uv": [38, 14]}
				]
			},
			{
				"name": "subfrontwingright",
				"parent": "frontwingright",
				"pivot": [-5.5, 8.5, -3],
				"rotation": [0, -30, 0],
				"cubes": [
					{"origin": [-5.5, 8, -3], "size": [3, 1, 5], "uv": [27, 14]}
				]
			},
			{
				"name": "topfin",
				"parent": "body",
				"pivot": [0, 10, -3],
				"rotation": [15, 0, 0],
				"cubes": [
					{"origin": [-1.5, 8.75, -3], "size": [3, 1.25, 4], "uv": [0, 34]}
				]
			},
			{
				"name": "subtopfin",
				"parent": "topfin",
				"pivot": [0, 10, 0],
				"rotation": [40, 0, 0],
				"cubes": [
					{"origin": [-0.5, 6.75, -1], "size": [1, 4, 4], "uv": [11, 0]}
				]
			},
			{
				"name": "main_struct0",
				"parent": "body",
				"pivot": [1.5, 3, -4],
				"rotation": [0, 0, -45],
				"cubes": [
					{"origin": [1.5, 3, -4], "size": [3, 1, 8], "uv": [40, 0]}
				]
			},
			{
				"name": "main_struct1",
				"parent": "body",
				"pivot": [-1.5, 3, -4],
				"rotation": [0, 0, 45],
				"cubes": [
					{"origin": [-4.5, 3, -4], "size": [3, 1, 8], "uv": [0, 40]}
				]
			},
			{
				"name": "main_struct2",
				"parent": "body",
				"pivot": [-1.5, 10, -4],
				"rotation": [0, 0, 45],
				"cubes": [
					{"origin": [-1.5, 7, -5], "size": [1, 3, 11], "uv": [27, 0]}
				]
			},
			{
				"name": "main_struct3",
				"parent": "body",
				"pivot": [1.5, 10, -4],
				"rotation": [0, 0, -45],
				"cubes": [
					{"origin": [0.5, 7, -5], "size": [1, 3, 11], "uv": [25, 34]}
				]
			},
			{
				"name": "bottomfin",
				"parent": "body",
				"pivot": [0, 3, -2.5],
				"rotation": [-35, 0, 0],
				"cubes": [
					{"origin": [-0.5, 3, -2.5], "size": [1, 3, 4], "uv": [27, 0]}
				]
			},
			{
				"name": "antenna",
				"parent": "body",
				"pivot": [-3.25, 8, 2.75],
				"rotation": [-10, -15, -10],
				"cubes": [
					{"origin": [-3.87059, 8.08387, 2.47563], "size": [1, 3, 1], "uv": [4, 4]}
				]
			},
			{
				"name": "subantenna",
				"parent": "antenna",
				"pivot": [-3.12059, 11.08387, 2.72563],
				"cubes": [
					{"origin": [-3.87059, 11.08387, 2.47563], "size": [1, 3, 1], "uv": [0, 4]}
				]
			},
			{
				"name": "notalaseratall",
				"parent": "body",
				"pivot": [2.25, 9.25, -3],
				"rotation": [0, 0, 45],
				"cubes": [
					{"origin": [1.25, 9.25, -3.002], "size": [2, 2, 4], "uv": [8, 11]}
				]
			},
			{
				"name": "notalaser_beam",
				"parent": "body",
				"pivot": [3, 10, -3],
				"cubes": [
					{"origin": [3, 8.5, -24], "size": [0, 3, 21], "uv": [0, 0]},
					{"origin": [1.5, 10, -24], "size": [3, 0, 21], "uv": [0, 0]}
				]
			},
			{
				"name": "skins",
				"parent": "body",
				"pivot": [0, 0, 0]
			},
			{
				"name": "skin_front_struct",
				"parent": "skins",
				"pivot": [0, 0, 0]
			},
			{
				"name": "subfront_struct0",
				"parent": "skin_front_struct",
				"pivot": [-2.5, 4.5, -3.5],
				"rotation": [0, 0, 45],
				"cubes": [
					{"origin": [-2.75, 2.65, -4], "size": [1, 1.5, 1], "uv": [38, 34]}
				]
			},
			{
				"name": "subfront_struct1",
				"parent": "skin_front_struct",
				"pivot": [2.5, 4.5, -3.5],
				"rotation": [0, 0, -45],
				"cubes": [
					{"origin": [1.75, 2.65, -4], "size": [1, 1.5, 1], "uv": [42, 34], "mirror": true}
				]
			},
			{
				"name": "skin_moss",
				"parent": "skins",
				"pivot": [0, 0, 0],
				"cubes": [
					{"origin": [-1, 0, -4.05], "size": [4, 4, 0], "uv": [38, 36]},
					{"origin": [-3.5, 2, -4.05], "size": [2, 3, 0], "uv": [38, 40]},
					{"origin": [3.5, 5, -3.05], "size": [2, 3, 0], "uv": [38, 40]},
					{"origin": [-2.5, 7, -5.05], "size": [4, 2, 0], "uv": [49, 34]},
					{"origin": [-3, 2.5, -1], "size": [0, 2.25, 3], "uv": [49, 36]},
					{"origin": [3.5, 2.75, -3], "size": [0, 2.25, 3], "uv": [49, 36]}
				]
			},
			{
				"name": "skin_mini_hat",
				"parent": "skins",
				"pivot": [0, 10, -1],
				"rotation": [5, 25, 0],
				"cubes": [
					{"origin": [-1, 11.25, -2.5], "size": [2, 2, 2], "uv": [9, 49]},
					{"origin": [-1.5, 10.25, -3], "size": [3, 1, 3], "uv": [37, 48]}
				]
			},
			{
				"name": "skin_midlin",
				"parent": "skins",
				"pivot": [0, 10.5, -4.5]
			},
			{
				"name": "midlin1",
				"parent": "skin_midlin",
				"pivot": [-2.5, 9.12, -1],
				"rotation": [0, 25, -15],
				"cubes": [
					{"origin": [-3.5, 9.12, -2], "size": [2, 2, 2], "uv": [4, 11]}
				]
			},
			{
				"name": "midlin2",
				"parent": "skin_midlin",
				"pivot": [3.5, 7.12, -1],
				"rotation": [0, -5, 15],
				"cubes": [
					{"origin": [3.25, 6.12, -2], "size": [2, 2, 2], "uv": [4, 11], "mirror": true}
				]
			},
			{
				"name": "skin_top_doublefin",
				"parent": "skins",
				"pivot": [0, 10, -3],
				"rotation": [20.8, 0, 0],
				"cubes": [
					{"origin": [-2.5, 6, -3], "size": [1, 4, 8], "uv": [1, 55]},
					{"origin": [1.5, 6, -3], "size": [1, 4, 8], "uv": [1, 55]}
				]
			},
			{
				"name": "skin_altwings",
				"parent": "skins",
				"pivot": [0, 10, -3]
			},
			{
				"name": "altwings0",
				"parent": "skin_altwings",
				"pivot": [3.5, 5.5, -3],
				"rotation": [-15, -15, 55],
				"cubes": [
					{"origin": [3.5, 5, -3], "size": [4, 1, 3], "uv": [11, 55], "mirror": true}
				]
			},
			{
				"name": "altwings1",
				"parent": "skin_altwings",
				"pivot": [-3.5, 5.5, -3],
				"rotation": [-15, 15, -55],
				"cubes": [
					{"origin": [-7.5, 5, -3], "size": [4, 1, 3], "uv": [11, 59]}
				]
			},
			{
				"name": "altwings3",
				"parent": "skin_altwings",
				"pivot": [0, 10, 5],
				"rotation": [33, 0, 0],
				"cubes": [
					{"origin": [-0.5, 8, 5], "size": [1, 2, 3], "uv": [17, 43]}
				]
			}
		]
	}
	]
}