{
	"format_version": "1.12.0",
	"minecraft:geometry": [
		{
			"description": {
				"identifier": "geometry.unknown",
				"texture_width": 128,
				"texture_height": 600,
				"visible_bounds_width": 2,
				"visible_bounds_height": 2.5,
				"visible_bounds_offset": [0, 0.75, 0]
			},
			"bones": [
				{
					"name": "bb_main",
					"pivot": [0, 0, 0],
					"cubes": [
						{
							"origin": [-39.21693, 22.7586, -5.7],
							"size": [11, 11, 0],
							"pivot": [-22.71693, 5.7586, 0],
							"rotation": [0, 0, 90],
							"uv": {
								"north": {"uv": [90.5, 9.09375], "uv_size": [28.5, 26.96875]},
								"east": {"uv": [60, 96.09375], "uv_size": [13, 67.96875]},
								"south": {"uv": [90.5, 9.09375], "uv_size": [28.5, 26.96875]},
								"west": {"uv": [60, 96.09375], "uv_size": [13, 67.96875]},
								"up": {"uv": [73, 164.0625], "uv_size": [-13, -67.96875]},
								"down": {"uv": [73, 164.0625], "uv_size": [-13, -67.96875]}
							}
						}
					]
				},
				{
					"name": "colonnapari",
					"pivot": [0, 0, 0],
					"cubes": [
						{
							"origin": [-2.5, 7, -2.5],
							"size": [5, 2, 5],
							"pivot": [0, 0, 0],
							"rotation": [0, 10, 0],
							"uv": {
								"north": {"uv": [82.5, 84.34375], "uv_size": [14.5, 15.09375]},
								"east": {"uv": [82.5, 84.34375], "uv_size": [14.5, 15.09375]},
								"south": {"uv": [82.5, 84.34375], "uv_size": [14.5, 15.09375]},
								"west": {"uv": [82.5, 84.34375], "uv_size": [14.5, 15.09375]},
								"up": {"uv": [97, 99.4375], "uv_size": [-14.5, -15.09375]},
								"down": {"uv": [97, 99.4375], "uv_size": [-14.5, -15.09375]}
							}
						},
						{
							"origin": [-2.5, 12, -2.5],
							"size": [5, 2, 5],
							"pivot": [0, 0, 0],
							"rotation": [0, 10, 0],
							"uv": {
								"north": {"uv": [82.5, 84.34375], "uv_size": [14.5, 15.09375]},
								"east": {"uv": [82.5, 84.34375], "uv_size": [14.5, 15.09375]},
								"south": {"uv": [82.5, 84.34375], "uv_size": [14.5, 15.09375]},
								"west": {"uv": [82.5, 84.34375], "uv_size": [14.5, 15.09375]},
								"up": {"uv": [97, 99.4375], "uv_size": [-14.5, -15.09375]},
								"down": {"uv": [97, 99.4375], "uv_size": [-14.5, -15.09375]}
							}
						},
						{
							"origin": [-2.5, 17, -2.5],
							"size": [5, 2, 5],
							"pivot": [0, 0, 0],
							"rotation": [0, 10, 0],
							"uv": {
								"north": {"uv": [82.5, 84.34375], "uv_size": [14.5, 15.09375]},
								"east": {"uv": [82.5, 84.34375], "uv_size": [14.5, 15.09375]},
								"south": {"uv": [82.5, 84.34375], "uv_size": [14.5, 15.09375]},
								"west": {"uv": [82.5, 84.34375], "uv_size": [14.5, 15.09375]},
								"up": {"uv": [97, 99.4375], "uv_size": [-14.5, -15.09375]},
								"down": {"uv": [97, 99.4375], "uv_size": [-14.5, -15.09375]}
							}
						},
						{
							"origin": [-2.5, 22, -2.5],
							"size": [5, 2, 5],
							"pivot": [0, 0, 0],
							"rotation": [0, 10, 0],
							"uv": {
								"north": {"uv": [82.5, 84.34375], "uv_size": [14.5, 15.09375]},
								"east": {"uv": [82.5, 84.34375], "uv_size": [14.5, 15.09375]},
								"south": {"uv": [82.5, 84.34375], "uv_size": [14.5, 15.09375]},
								"west": {"uv": [82.5, 84.34375], "uv_size": [14.5, 15.09375]},
								"up": {"uv": [97, 99.4375], "uv_size": [-14.5, -15.09375]},
								"down": {"uv": [97, 99.4375], "uv_size": [-14.5, -15.09375]}
							}
						}
					]
				},
				{
					"name": "colonnadispari",
					"pivot": [0, 0, 0],
					"cubes": [
						{
							"origin": [-2.5, 4.5, -2.5],
							"size": [5, 2, 5],
							"pivot": [0, 0, 0],
							"rotation": [0, -10, 0],
							"uv": {
								"north": {"uv": [82.5, 84.34375], "uv_size": [14.5, 15.09375]},
								"east": {"uv": [82.5, 84.34375], "uv_size": [14.5, 15.09375]},
								"south": {"uv": [82.5, 84.34375], "uv_size": [14.5, 15.09375]},
								"west": {"uv": [82.5, 84.34375], "uv_size": [14.5, 15.09375]},
								"up": {"uv": [97, 99.4375], "uv_size": [-14.5, -15.09375]},
								"down": {"uv": [97, 99.4375], "uv_size": [-14.5, -15.09375]}
							}
						},
						{
							"origin": [-2.5, 9.5, -2.5],
							"size": [5, 2, 5],
							"pivot": [0, 0, 0],
							"rotation": [0, -10, 0],
							"uv": {
								"north": {"uv": [82.5, 84.34375], "uv_size": [14.5, 15.09375]},
								"east": {"uv": [82.5, 84.34375], "uv_size": [14.5, 15.09375]},
								"south": {"uv": [82.5, 84.34375], "uv_size": [14.5, 15.09375]},
								"west": {"uv": [82.5, 84.34375], "uv_size": [14.5, 15.09375]},
								"up": {"uv": [97, 99.4375], "uv_size": [-14.5, -15.09375]},
								"down": {"uv": [97, 99.4375], "uv_size": [-14.5, -15.09375]}
							}
						},
						{
							"origin": [-2.5, 14.5, -2.5],
							"size": [5, 2, 5],
							"pivot": [0, 0, 0],
							"rotation": [0, -10, 0],
							"uv": {
								"north": {"uv": [82.5, 84.34375], "uv_size": [14.5, 15.09375]},
								"east": {"uv": [82.5, 84.34375], "uv_size": [14.5, 15.09375]},
								"south": {"uv": [82.5, 84.34375], "uv_size": [14.5, 15.09375]},
								"west": {"uv": [82.5, 84.34375], "uv_size": [14.5, 15.09375]},
								"up": {"uv": [97, 99.4375], "uv_size": [-14.5, -15.09375]},
								"down": {"uv": [97, 99.4375], "uv_size": [-14.5, -15.09375]}
							}
						},
						{
							"origin": [-2.5, 19.5, -2.5],
							"size": [5, 2, 5],
							"pivot": [0, 0, 0],
							"rotation": [0, -10, 0],
							"uv": {
								"north": {"uv": [82.5, 84.34375], "uv_size": [14.5, 15.09375]},
								"east": {"uv": [82.5, 84.34375], "uv_size": [14.5, 15.09375]},
								"south": {"uv": [82.5, 84.34375], "uv_size": [14.5, 15.09375]},
								"west": {"uv": [82.5, 84.34375], "uv_size": [14.5, 15.09375]},
								"up": {"uv": [97, 99.4375], "uv_size": [-14.5, -15.09375]},
								"down": {"uv": [97, 99.4375], "uv_size": [-14.5, -15.09375]}
							}
						}
					]
				},
				{
					"name": "corniceschermo",
					"pivot": [0, -4.5, 0],
					"cubes": [
						{
							"origin": [0.44709, 11.1266, -6],
							"size": [1, 0.5, 0.5],
							"pivot": [0.94709, 11.3766, -5.75],
							"rotation": [0, 0, -10],
							"uv": {
								"north": {"uv": [84, 87.09375], "uv_size": [11, 10.96875]},
								"east": {"uv": [84, 87.09375], "uv_size": [11, 10.96875]},
								"south": {"uv": [84, 87.09375], "uv_size": [11, 10.96875]},
								"west": {"uv": [84, 87.09375], "uv_size": [11, 10.96875]},
								"up": {"uv": [95, 98.0625], "uv_size": [-11, -10.96875]},
								"down": {"uv": [95, 98.0625], "uv_size": [-11, -10.96875]}
							}
						},
						{
							"origin": [1.45771, 10.86013, -6],
							"size": [1, 0.5, 0.5],
							"pivot": [0.45771, 11.11013, -5.75],
							"rotation": [0, 0, -20],
							"uv": {
								"north": {"uv": [84, 87.09375], "uv_size": [11, 10.96875]},
								"east": {"uv": [84, 87.09375], "uv_size": [11, 10.96875]},
								"south": {"uv": [84, 87.09375], "uv_size": [11, 10.96875]},
								"west": {"uv": [84, 87.09375], "uv_size": [11, 10.96875]},
								"up": {"uv": [95, 98.0625], "uv_size": [-11, -10.96875]},
								"down": {"uv": [95, 98.0625], "uv_size": [-11, -10.96875]}
							}
						},
						{
							"origin": [2.63253, 10.27575, -6],
							"size": [1, 0.5, 0.5],
							"pivot": [0.13253, 10.52575, -5.75],
							"rotation": [0, 0, -30],
							"uv": {
								"north": {"uv": [84, 87.09375], "uv_size": [11, 10.96875]},
								"east": {"uv": [84, 87.09375], "uv_size": [11, 10.96875]},
								"south": {"uv": [84, 87.09375], "uv_size": [11, 10.96875]},
								"west": {"uv": [84, 87.09375], "uv_size": [11, 10.96875]},
								"up": {"uv": [95, 98.0625], "uv_size": [-11, -10.96875]},
								"down": {"uv": [95, 98.0625], "uv_size": [-11, -10.96875]}
							}
						},
						{
							"origin": [4.06375, 9.42961, -6],
							"size": [1, 0.5, 0.5],
							"pivot": [0.06375, 9.67961, -5.75],
							"rotation": [0, 0, -40],
							"uv": {
								"north": {"uv": [84, 87.09375], "uv_size": [11, 10.96875]},
								"east": {"uv": [84, 87.09375], "uv_size": [11, 10.96875]},
								"south": {"uv": [84, 87.09375], "uv_size": [11, 10.96875]},
								"west": {"uv": [84, 87.09375], "uv_size": [11, 10.96875]},
								"up": {"uv": [95, 98.0625], "uv_size": [-11, -10.96875]},
								"down": {"uv": [95, 98.0625], "uv_size": [-11, -10.96875]}
							}
						},
						{
							"origin": [5.29201, 9.54855, -6],
							"size": [1, 0.5, 0.5],
							"pivot": [1.29201, 9.79855, -5.75],
							"rotation": [0, 0, -50],
							"uv": {
								"north": {"uv": [84, 87.09375], "uv_size": [11, 10.96875]},
								"east": {"uv": [84, 87.09375], "uv_size": [11, 10.96875]},
								"south": {"uv": [84, 87.09375], "uv_size": [11, 10.96875]},
								"west": {"uv": [84, 87.09375], "uv_size": [11, 10.96875]},
								"up": {"uv": [95, 98.0625], "uv_size": [-11, -10.96875]},
								"down": {"uv": [95, 98.0625], "uv_size": [-11, -10.96875]}
							}
						},
						{
							"origin": [6.48095, 9.87898, -6],
							"size": [1, 0.5, 0.5],
							"pivot": [2.48095, 10.12898, -5.75],
							"rotation": [0, 0, -60],
							"uv": {
								"north": {"uv": [84, 87.09375], "uv_size": [11, 10.96875]},
								"east": {"uv": [84, 87.09375], "uv_size": [11, 10.96875]},
								"south": {"uv": [84, 87.09375], "uv_size": [11, 10.96875]},
								"west": {"uv": [84, 87.09375], "uv_size": [11, 10.96875]},
								"up": {"uv": [95, 98.0625], "uv_size": [-11, -10.96875]},
								"down": {"uv": [95, 98.0625], "uv_size": [-11, -10.96875]}
							}
						},
						{
							"origin": [7.59445, 10.41084, -6],
							"size": [1, 0.5, 0.5],
							"pivot": [3.59445, 10.66084, -5.75],
							"rotation": [0, 0, -70],
							"uv": {
								"north": {"uv": [84, 87.09375], "uv_size": [11, 10.96875]},
								"east": {"uv": [84, 87.09375], "uv_size": [11, 10.96875]},
								"south": {"uv": [84, 87.09375], "uv_size": [11, 10.96875]},
								"west": {"uv": [84, 87.09375], "uv_size": [11, 10.96875]},
								"up": {"uv": [95, 98.0625], "uv_size": [-11, -10.96875]},
								"down": {"uv": [95, 98.0625], "uv_size": [-11, -10.96875]}
							}
						},
						{
							"origin": [8.59868, 11.12798, -6],
							"size": [1, 0.5, 0.5],
							"pivot": [4.59868, 11.37798, -5.75],
							"rotation": [0, 0, -80],
							"uv": {
								"north": {"uv": [84, 87.09375], "uv_size": [11, 10.96875]},
								"east": {"uv": [84, 87.09375], "uv_size": [11, 10.96875]},
								"south": {"uv": [84, 87.09375], "uv_size": [11, 10.96875]},
								"west": {"uv": [84, 87.09375], "uv_size": [11, 10.96875]},
								"up": {"uv": [95, 98.0625], "uv_size": [-11, -10.96875]},
								"down": {"uv": [95, 98.0625], "uv_size": [-11, -10.96875]}
							}
						},
						{
							"origin": [9.46312, 12.0086, -6],
							"size": [1, 0.5, 0.5],
							"pivot": [5.46312, 12.2586, -5.75],
							"rotation": [0, 0, -90],
							"uv": {
								"north": {"uv": [84, 87.09375], "uv_size": [11, 10.96875]},
								"east": {"uv": [84, 87.09375], "uv_size": [11, 10.96875]},
								"south": {"uv": [84, 87.09375], "uv_size": [11, 10.96875]},
								"west": {"uv": [84, 87.09375], "uv_size": [11, 10.96875]},
								"up": {"uv": [95, 98.0625], "uv_size": [-11, -10.96875]},
								"down": {"uv": [95, 98.0625], "uv_size": [-11, -10.96875]}
							}
						},
						{
							"origin": [10.16151, 13.02596, -6],
							"size": [1, 0.5, 0.5],
							"pivot": [6.16151, 13.27596, -5.75],
							"rotation": [0, 0, -100],
							"uv": {
								"north": {"uv": [84, 87.09375], "uv_size": [11, 10.96875]},
								"east": {"uv": [84, 87.09375], "uv_size": [11, 10.96875]},
								"south": {"uv": [84, 87.09375], "uv_size": [11, 10.96875]},
								"west": {"uv": [84, 87.09375], "uv_size": [11, 10.96875]},
								"up": {"uv": [95, 98.0625], "uv_size": [-11, -10.96875]},
								"down": {"uv": [95, 98.0625], "uv_size": [-11, -10.96875]}
							}
						},
						{
							"origin": [10.67263, 14.14914, -6],
							"size": [1, 0.5, 0.5],
							"pivot": [6.67263, 14.39914, -5.75],
							"rotation": [0, 0, -110],
							"uv": {
								"north": {"uv": [84, 87.09375], "uv_size": [11, 10.96875]},
								"east": {"uv": [84, 87.09375], "uv_size": [11, 10.96875]},
								"south": {"uv": [84, 87.09375], "uv_size": [11, 10.96875]},
								"west": {"uv": [84, 87.09375], "uv_size": [11, 10.96875]},
								"up": {"uv": [95, 98.0625], "uv_size": [-11, -10.96875]},
								"down": {"uv": [95, 98.0625], "uv_size": [-11, -10.96875]}
							}
						},
						{
							"origin": [10.98095, 15.344, -6],
							"size": [1, 0.5, 0.5],
							"pivot": [6.98095, 15.594, -5.75],
							"rotation": [0, 0, -120],
							"uv": {
								"north": {"uv": [84, 87.09375], "uv_size": [11, 10.96875]},
								"east": {"uv": [84, 87.09375], "uv_size": [11, 10.96875]},
								"south": {"uv": [84, 87.09375], "uv_size": [11, 10.96875]},
								"west": {"uv": [84, 87.09375], "uv_size": [11, 10.96875]},
								"up": {"uv": [95, 98.0625], "uv_size": [-11, -10.96875]},
								"down": {"uv": [95, 98.0625], "uv_size": [-11, -10.96875]}
							}
						},
						{
							"origin": [11.07709, 16.57426, -6],
							"size": [1, 0.5, 0.5],
							"pivot": [7.07709, 16.82426, -5.75],
							"rotation": [0, 0, -130],
							"uv": {
								"north": {"uv": [84, 87.09375], "uv_size": [11, 10.96875]},
								"east": {"uv": [84, 87.09375], "uv_size": [11, 10.96875]},
								"south": {"uv": [84, 87.09375], "uv_size": [11, 10.96875]},
								"west": {"uv": [84, 87.09375], "uv_size": [11, 10.96875]},
								"up": {"uv": [95, 98.0625], "uv_size": [-11, -10.96875]},
								"down": {"uv": [95, 98.0625], "uv_size": [-11, -10.96875]}
							}
						},
						{
							"origin": [10.95815, 17.80251, -6],
							"size": [1, 0.5, 0.5],
							"pivot": [6.95815, 18.05251, -5.75],
							"rotation": [0, 0, -140],
							"uv": {
								"north": {"uv": [84, 87.09375], "uv_size": [11, 10.96875]},
								"east": {"uv": [84, 87.09375], "uv_size": [11, 10.96875]},
								"south": {"uv": [84, 87.09375], "uv_size": [11, 10.96875]},
								"west": {"uv": [84, 87.09375], "uv_size": [11, 10.96875]},
								"up": {"uv": [95, 98.0625], "uv_size": [-11, -10.96875]},
								"down": {"uv": [95, 98.0625], "uv_size": [-11, -10.96875]}
							}
						},
						{
							"origin": [10.62772, 18.99146, -6],
							"size": [1, 0.5, 0.5],
							"pivot": [6.62772, 19.24146, -5.75],
							"rotation": [0, 0, -150],
							"uv": {
								"north": {"uv": [84, 87.09375], "uv_size": [11, 10.96875]},
								"east": {"uv": [84, 87.09375], "uv_size": [11, 10.96875]},
								"south": {"uv": [84, 87.09375], "uv_size": [11, 10.96875]},
								"west": {"uv": [84, 87.09375], "uv_size": [11, 10.96875]},
								"up": {"uv": [95, 98.0625], "uv_size": [-11, -10.96875]},
								"down": {"uv": [95, 98.0625], "uv_size": [-11, -10.96875]}
							}
						},
						{
							"origin": [10.09586, 20.10496, -6],
							"size": [1, 0.5, 0.5],
							"pivot": [6.09586, 20.35496, -5.75],
							"rotation": [0, 0, -160],
							"uv": {
								"north": {"uv": [84, 87.09375], "uv_size": [11, 10.96875]},
								"east": {"uv": [84, 87.09375], "uv_size": [11, 10.96875]},
								"south": {"uv": [84, 87.09375], "uv_size": [11, 10.96875]},
								"west": {"uv": [84, 87.09375], "uv_size": [11, 10.96875]},
								"up": {"uv": [95, 98.0625], "uv_size": [-11, -10.96875]},
								"down": {"uv": [95, 98.0625], "uv_size": [-11, -10.96875]}
							}
						},
						{
							"origin": [9.37872, 21.10919, -6],
							"size": [1, 0.5, 0.5],
							"pivot": [5.37872, 21.35919, -5.75],
							"rotation": [0, 0, -170],
							"uv": {
								"north": {"uv": [84, 87.09375], "uv_size": [11, 10.96875]},
								"east": {"uv": [84, 87.09375], "uv_size": [11, 10.96875]},
								"south": {"uv": [84, 87.09375], "uv_size": [11, 10.96875]},
								"west": {"uv": [84, 87.09375], "uv_size": [11, 10.96875]},
								"up": {"uv": [95, 98.0625], "uv_size": [-11, -10.96875]},
								"down": {"uv": [95, 98.0625], "uv_size": [-11, -10.96875]}
							}
						},
						{
							"origin": [8.4981, 21.97363, -6],
							"size": [1, 0.5, 0.5],
							"pivot": [4.4981, 22.22363, -5.75],
							"rotation": [0, 0, -180],
							"uv": {
								"north": {"uv": [84, 87.09375], "uv_size": [11, 10.96875]},
								"east": {"uv": [84, 87.09375], "uv_size": [11, 10.96875]},
								"south": {"uv": [84, 87.09375], "uv_size": [11, 10.96875]},
								"west": {"uv": [84, 87.09375], "uv_size": [11, 10.96875]},
								"up": {"uv": [95, 98.0625], "uv_size": [-11, -10.96875]},
								"down": {"uv": [95, 98.0625], "uv_size": [-11, -10.96875]}
							}
						},
						{
							"origin": [7.48074, 22.67202, -6],
							"size": [1, 0.5, 0.5],
							"pivot": [3.48074, 22.92202, -5.75],
							"rotation": [0, 0, 170],
							"uv": {
								"north": {"uv": [84, 87.09375], "uv_size": [11, 10.96875]},
								"east": {"uv": [84, 87.09375], "uv_size": [11, 10.96875]},
								"south": {"uv": [84, 87.09375], "uv_size": [11, 10.96875]},
								"west": {"uv": [84, 87.09375], "uv_size": [11, 10.96875]},
								"up": {"uv": [95, 98.0625], "uv_size": [-11, -10.96875]},
								"down": {"uv": [95, 98.0625], "uv_size": [-11, -10.96875]}
							}
						},
						{
							"origin": [6.35757, 23.18314, -6],
							"size": [1, 0.5, 0.5],
							"pivot": [2.35757, 23.43314, -5.75],
							"rotation": [0, 0, 160],
							"uv": {
								"north": {"uv": [84, 87.09375], "uv_size": [11, 10.96875]},
								"east": {"uv": [84, 87.09375], "uv_size": [11, 10.96875]},
								"south": {"uv": [84, 87.09375], "uv_size": [11, 10.96875]},
								"west": {"uv": [84, 87.09375], "uv_size": [11, 10.96875]},
								"up": {"uv": [95, 98.0625], "uv_size": [-11, -10.96875]},
								"down": {"uv": [95, 98.0625], "uv_size": [-11, -10.96875]}
							}
						},
						{
							"origin": [5.1627, 23.49146, -6],
							"size": [1, 0.5, 0.5],
							"pivot": [1.1627, 23.74146, -5.75],
							"rotation": [0, 0, 150],
							"uv": {
								"north": {"uv": [84, 87.09375], "uv_size": [11, 10.96875]},
								"east": {"uv": [84, 87.09375], "uv_size": [11, 10.96875]},
								"south": {"uv": [84, 87.09375], "uv_size": [11, 10.96875]},
								"west": {"uv": [84, 87.09375], "uv_size": [11, 10.96875]},
								"up": {"uv": [95, 98.0625], "uv_size": [-11, -10.96875]},
								"down": {"uv": [95, 98.0625], "uv_size": [-11, -10.96875]}
							}
						},
						{
							"origin": [3.93245, 23.5876, -6],
							"size": [1, 0.5, 0.5],
							"pivot": [-0.06755, 23.8376, -5.75],
							"rotation": [0, 0, 140],
							"uv": {
								"north": {"uv": [84, 87.09375], "uv_size": [11, 10.96875]},
								"east": {"uv": [84, 87.09375], "uv_size": [11, 10.96875]},
								"south": {"uv": [84, 87.09375], "uv_size": [11, 10.96875]},
								"west": {"uv": [84, 87.09375], "uv_size": [11, 10.96875]},
								"up": {"uv": [95, 98.0625], "uv_size": [-11, -10.96875]},
								"down": {"uv": [95, 98.0625], "uv_size": [-11, -10.96875]}
							}
						},
						{
							"origin": [2.70419, 23.46866, -6],
							"size": [1, 0.5, 0.5],
							"pivot": [-1.29581, 23.71866, -5.75],
							"rotation": [0, 0, 130],
							"uv": {
								"north": {"uv": [84, 87.09375], "uv_size": [11, 10.96875]},
								"east": {"uv": [84, 87.09375], "uv_size": [11, 10.96875]},
								"south": {"uv": [84, 87.09375], "uv_size": [11, 10.96875]},
								"west": {"uv": [84, 87.09375], "uv_size": [11, 10.96875]},
								"up": {"uv": [95, 98.0625], "uv_size": [-11, -10.96875]},
								"down": {"uv": [95, 98.0625], "uv_size": [-11, -10.96875]}
							}
						},
						{
							"origin": [1.51525, 23.13823, -6],
							"size": [1, 0.5, 0.5],
							"pivot": [-2.48475, 23.38823, -5.75],
							"rotation": [0, 0, 120],
							"uv": {
								"north": {"uv": [84, 87.09375], "uv_size": [11, 10.96875]},
								"east": {"uv": [84, 87.09375], "uv_size": [11, 10.96875]},
								"south": {"uv": [84, 87.09375], "uv_size": [11, 10.96875]},
								"west": {"uv": [84, 87.09375], "uv_size": [11, 10.96875]},
								"up": {"uv": [95, 98.0625], "uv_size": [-11, -10.96875]},
								"down": {"uv": [95, 98.0625], "uv_size": [-11, -10.96875]}
							}
						},
						{
							"origin": [0.40174, 22.60637, -6],
							"size": [1, 0.5, 0.5],
							"pivot": [-3.59826, 22.85637, -5.75],
							"rotation": [0, 0, 110],
							"uv": {
								"north": {"uv": [84, 87.09375], "uv_size": [11, 10.96875]},
								"east": {"uv": [84, 87.09375], "uv_size": [11, 10.96875]},
								"south": {"uv": [84, 87.09375], "uv_size": [11, 10.96875]},
								"west": {"uv": [84, 87.09375], "uv_size": [11, 10.96875]},
								"up": {"uv": [95, 98.0625], "uv_size": [-11, -10.96875]},
								"down": {"uv": [95, 98.0625], "uv_size": [-11, -10.96875]}
							}
						},
						{
							"origin": [-0.60249, 21.88923, -6],
							"size": [1, 0.5, 0.5],
							"pivot": [-4.60249, 22.13923, -5.75],
							"rotation": [0, 0, 100],
							"uv": {
								"north": {"uv": [84, 87.09375], "uv_size": [11, 10.96875]},
								"east": {"uv": [84, 87.09375], "uv_size": [11, 10.96875]},
								"south": {"uv": [84, 87.09375], "uv_size": [11, 10.96875]},
								"west": {"uv": [84, 87.09375], "uv_size": [11, 10.96875]},
								"up": {"uv": [95, 98.0625], "uv_size": [-11, -10.96875]},
								"down": {"uv": [95, 98.0625], "uv_size": [-11, -10.96875]}
							}
						},
						{
							"origin": [-0.5019, 11.04358, -6],
							"size": [1, 0.5, 0.5],
							"uv": {
								"north": {"uv": [84, 87.09375], "uv_size": [11, 10.96875]},
								"east": {"uv": [84, 87.09375], "uv_size": [11, 10.96875]},
								"south": {"uv": [84, 87.09375], "uv_size": [11, 10.96875]},
								"west": {"uv": [84, 87.09375], "uv_size": [11, 10.96875]},
								"up": {"uv": [95, 98.0625], "uv_size": [-11, -10.96875]},
								"down": {"uv": [95, 98.0625], "uv_size": [-11, -10.96875]}
							}
						},
						{
							"origin": [-4.23143, 10.84494, -6],
							"size": [1, 0.5, 0.5],
							"pivot": [-0.73143, -4.65506, 0],
							"rotation": [0, 0, 10],
							"uv": {
								"north": {"uv": [84, 87.09375], "uv_size": [11, 10.96875]},
								"east": {"uv": [84, 87.09375], "uv_size": [11, 10.96875]},
								"south": {"uv": [84, 87.09375], "uv_size": [11, 10.96875]},
								"west": {"uv": [84, 87.09375], "uv_size": [11, 10.96875]},
								"up": {"uv": [95, 98.0625], "uv_size": [-11, -10.96875]},
								"down": {"uv": [95, 98.0625], "uv_size": [-11, -10.96875]}
							}
						},
						{
							"origin": [-7.93879, 11.29694, -6],
							"size": [1, 0.5, 0.5],
							"pivot": [-4.43879, -4.20306, 0],
							"rotation": [0, 0, 20],
							"uv": {
								"north": {"uv": [84, 87.09375], "uv_size": [11, 10.96875]},
								"east": {"uv": [84, 87.09375], "uv_size": [11, 10.96875]},
								"south": {"uv": [84, 87.09375], "uv_size": [11, 10.96875]},
								"west": {"uv": [84, 87.09375], "uv_size": [11, 10.96875]},
								"up": {"uv": [95, 98.0625], "uv_size": [-11, -10.96875]},
								"down": {"uv": [95, 98.0625], "uv_size": [-11, -10.96875]}
							}
						},
						{
							"origin": [-12.04724, 10.38585, -6],
							"size": [1, 0.5, 0.5],
							"pivot": [-4.54724, -5.11415, 0],
							"rotation": [0, 0, 30],
							"uv": {
								"north": {"uv": [84, 87.09375], "uv_size": [11, 10.96875]},
								"east": {"uv": [84, 87.09375], "uv_size": [11, 10.96875]},
								"south": {"uv": [84, 87.09375], "uv_size": [11, 10.96875]},
								"west": {"uv": [84, 87.09375], "uv_size": [11, 10.96875]},
								"up": {"uv": [95, 98.0625], "uv_size": [-11, -10.96875]},
								"down": {"uv": [95, 98.0625], "uv_size": [-11, -10.96875]}
							}
						},
						{
							"origin": [-17.67635, 9.28722, -6],
							"size": [1, 0.5, 0.5],
							"pivot": [-6.17635, -7.71278, 0],
							"rotation": [0, 0, 40],
							"uv": {
								"north": {"uv": [84, 87.09375], "uv_size": [11, 10.96875]},
								"east": {"uv": [84, 87.09375], "uv_size": [11, 10.96875]},
								"south": {"uv": [84, 87.09375], "uv_size": [11, 10.96875]},
								"west": {"uv": [84, 87.09375], "uv_size": [11, 10.96875]},
								"up": {"uv": [95, 98.0625], "uv_size": [-11, -10.96875]},
								"down": {"uv": [95, 98.0625], "uv_size": [-11, -10.96875]}
							}
						},
						{
							"origin": [-21.83196, 10.73118, -6],
							"size": [1, 0.5, 0.5],
							"pivot": [-10.33196, -6.26882, 0],
							"rotation": [0, 0, 50],
							"uv": {
								"north": {"uv": [84, 87.09375], "uv_size": [11, 10.96875]},
								"east": {"uv": [84, 87.09375], "uv_size": [11, 10.96875]},
								"south": {"uv": [84, 87.09375], "uv_size": [11, 10.96875]},
								"west": {"uv": [84, 87.09375], "uv_size": [11, 10.96875]},
								"up": {"uv": [95, 98.0625], "uv_size": [-11, -10.96875]},
								"down": {"uv": [95, 98.0625], "uv_size": [-11, -10.96875]}
							}
						},
						{
							"origin": [-25.67369, 12.87481, -6],
							"size": [1, 0.5, 0.5],
							"pivot": [-14.17369, -4.12519, 0],
							"rotation": [0, 0, 60],
							"uv": {
								"north": {"uv": [84, 87.09375], "uv_size": [11, 10.96875]},
								"east": {"uv": [84, 87.09375], "uv_size": [11, 10.96875]},
								"south": {"uv": [84, 87.09375], "uv_size": [11, 10.96875]},
								"west": {"uv": [84, 87.09375], "uv_size": [11, 10.96875]},
								"up": {"uv": [95, 98.0625], "uv_size": [-11, -10.96875]},
								"down": {"uv": [95, 98.0625], "uv_size": [-11, -10.96875]}
							}
						},
						{
							"origin": [-29.08482, 15.65299, -6],
							"size": [1, 0.5, 0.5],
							"pivot": [-17.58482, -1.34701, 0],
							"rotation": [0, 0, 70],
							"uv": {
								"north": {"uv": [84, 87.09375], "uv_size": [11, 10.96875]},
								"east": {"uv": [84, 87.09375], "uv_size": [11, 10.96875]},
								"south": {"uv": [84, 87.09375], "uv_size": [11, 10.96875]},
								"west": {"uv": [84, 87.09375], "uv_size": [11, 10.96875]},
								"up": {"uv": [95, 98.0625], "uv_size": [-11, -10.96875]},
								"down": {"uv": [95, 98.0625], "uv_size": [-11, -10.96875]}
							}
						},
						{
							"origin": [-31.96171, 18.9813, -6],
							"size": [1, 0.5, 0.5],
							"pivot": [-20.46171, 1.9813, 0],
							"rotation": [0, 0, 80],
							"uv": {
								"north": {"uv": [84, 87.09375], "uv_size": [11, 10.96875]},
								"east": {"uv": [84, 87.09375], "uv_size": [11, 10.96875]},
								"south": {"uv": [84, 87.09375], "uv_size": [11, 10.96875]},
								"west": {"uv": [84, 87.09375], "uv_size": [11, 10.96875]},
								"up": {"uv": [95, 98.0625], "uv_size": [-11, -10.96875]},
								"down": {"uv": [95, 98.0625], "uv_size": [-11, -10.96875]}
							}
						},
						{
							"origin": [-34.21693, 22.7586, -6],
							"size": [1, 0.5, 0.5],
							"pivot": [-22.71693, 5.7586, 0],
							"rotation": [0, 0, 90],
							"uv": {
								"north": {"uv": [84, 87.09375], "uv_size": [11, 10.96875]},
								"east": {"uv": [84, 87.09375], "uv_size": [11, 10.96875]},
								"south": {"uv": [84, 87.09375], "uv_size": [11, 10.96875]},
								"west": {"uv": [84, 87.09375], "uv_size": [11, 10.96875]},
								"up": {"uv": [95, 98.0625], "uv_size": [-11, -10.96875]},
								"down": {"uv": [95, 98.0625], "uv_size": [-11, -10.96875]}
							}
						}
					]
				},
				{
					"name": "scalini",
					"pivot": [0, 0, 0],
					"cubes": [
						{
							"origin": [-8, 0, -8],
							"size": [16, 1, 16],
							"uv": {
								"north": {"uv": [8, 83.5], "uv_size": [62.5, 8.75]},
								"east": {"uv": [8, 83.5], "uv_size": [62.5, 8.75]},
								"south": {"uv": [8, 83.5], "uv_size": [62.5, 8.75]},
								"west": {"uv": [8, 83.5], "uv_size": [62.5, 8.75]},
								"up": {"uv": [70.5, 131.75], "uv_size": [-62.5, -48.25]},
								"down": {"uv": [70.5, 131.75], "uv_size": [-62.5, -48.25]}
							}
						},
						{
							"origin": [-5, 3, -5],
							"size": [10, 1, 10],
							"uv": {
								"north": {"uv": [8, 83.5], "uv_size": [62.5, 8.75]},
								"east": {"uv": [8, 83.5], "uv_size": [62.5, 8.75]},
								"south": {"uv": [8, 83.5], "uv_size": [62.5, 8.75]},
								"west": {"uv": [8, 83.5], "uv_size": [62.5, 8.75]},
								"up": {"uv": [70.5, 131.75], "uv_size": [-62.5, -48.25]},
								"down": {"uv": [70.5, 131.75], "uv_size": [-62.5, -48.25]}
							}
						},
						{
							"origin": [-6, 2, -6],
							"size": [12, 1, 12],
							"uv": {
								"north": {"uv": [8, 83.5], "uv_size": [62.5, 8.75]},
								"east": {"uv": [8, 83.5], "uv_size": [62.5, 8.75]},
								"south": {"uv": [8, 83.5], "uv_size": [62.5, 8.75]},
								"west": {"uv": [8, 83.5], "uv_size": [62.5, 8.75]},
								"up": {"uv": [70.5, 131.75], "uv_size": [-62.5, -48.25]},
								"down": {"uv": [70.5, 131.75], "uv_size": [-62.5, -48.25]}
							}
						},
						{
							"origin": [-7, 1, -7],
							"size": [14, 1, 14],
							"uv": {
								"north": {"uv": [8, 83.5], "uv_size": [62.5, 8.75]},
								"east": {"uv": [8, 83.5], "uv_size": [62.5, 8.75]},
								"south": {"uv": [8, 83.5], "uv_size": [62.5, 8.75]},
								"west": {"uv": [8, 83.5], "uv_size": [62.5, 8.75]},
								"up": {"uv": [70.5, 131.75], "uv_size": [-62.5, -48.25]},
								"down": {"uv": [70.5, 131.75], "uv_size": [-62.5, -48.25]}
							}
						}
					]
				}
			]
		}
	]
}