{
  "parent": "wgfw:custom/scp/portal_block_scp",
  "textures": {
    "all": "wgfw:block/scp/scp/scp_portal",
    "particle": "wgf:block/scp/scp_portal",
    "0": "wgfw:block/scp/scp/scp_portal",
    "1": "wgfw:block/scp/scp/scp_portal_01",
    "2": "wgfw:block/scp/scp/scp_portal_02",
    "3": "wgfw:block/scp/scp/iron_texture4010",
    "4": "wgfw:block/scp/scp/label2011",
    "5": "wgfw:block/scp/scp/label2012",
    "6": "wgfw:block/scp/scp/label2013",
    "7": "wgfw:block/scp/scp/label2014"

  }
}